path,file_type,role,canonical_status,checksum,source_step,notes
".gitignore","none","root","support",6f4ff2992c4e2558837e2e09c39ed2bba140658755b22d046aab810ea2c90ca0,"final-zenodo-publication-checkpoint","regenerated before GitHub checkpoint"
"CHANGELOG.md","md","root","support",342f06f6d9ea3c1659fdd2906a30815817fcb9945f5456c81b21a9853f83e57a,"final-zenodo-publication-checkpoint","regenerated before GitHub checkpoint"
"CHECKSUMS.sha256","sha256","root","support",613c1fae318a5077c9e59d4f0da9f0100e0e2716872139946c21c3747407e527,"final-zenodo-publication-checkpoint","regenerated before GitHub checkpoint"
"CITATION.cff","cff","root","support",4ba64e7d2d51fbbdf3ba28a02a70e65f2e09545b43cc3ab5be6a469078d29e65,"final-zenodo-publication-checkpoint","regenerated before GitHub checkpoint"
"LICENSE","none","root","support",1126322e2cc8d165adc4c792eeb195717de2bcc7b39be1ce77959d78e87ef685,"final-zenodo-publication-checkpoint","regenerated before GitHub checkpoint"
"MANIFEST.csv","csv","root","support",139d5be4a648b6a06fbfaaae1b7d75f6f9ab50ad7bb6a891a323579fbaaf07d1,"final-zenodo-publication-checkpoint","regenerated before GitHub checkpoint"
"README.md","md","root","support",99619dc0e25d70776a750f3922da63ea10c181629708a7eecb178550e0df7209,"final-zenodo-publication-checkpoint","regenerated before GitHub checkpoint"
"audits/codex_reports/Kodeks_1015_STEP3_REVIEW.md","md","audits","support",975bea93c36e92574c95ae6261ab67ad0f7ee177a02a202196198bf035a8b0b9,"final-zenodo-publication-checkpoint","regenerated before GitHub checkpoint"
"audits/codex_reports/STEP1_CANONICALIZATION_REPORT.md","md","audits","support",9abaadbf723590ff0a214af247fd78fa5a1133f23384bd9bbc465bbe54855394,"final-zenodo-publication-checkpoint","regenerated before GitHub checkpoint"
"audits/codex_reports/STEP2_VALIDATION_INFRASTRUCTURE_REPORT.md","md","audits","support",d59f2264249021749ccfee35b29edf885effce714e8b570015ee2eef58e0437d,"final-zenodo-publication-checkpoint","regenerated before GitHub checkpoint"
"audits/codex_reports/STEP3_IMPLEMENTATION_AND_ARCHIVAL_REPORT.md","md","audits","support",de1ead8622e530f2d4e842d343b872223ea0d6032157c4af68cbdb85aa70115c,"final-zenodo-publication-checkpoint","regenerated before GitHub checkpoint"
"audits/codex_reports/STEP4_FINAL_FREEZE_PACKAGE_REPORT.md","md","audits","support",d3be0bc3efcb0cdb64408a70cbf20c699a81135f6ab01a9edb1d781de8fbc6de,"final-zenodo-publication-checkpoint","regenerated before GitHub checkpoint"
"audits/codex_reports/STEP5_GITHUB_FREEZE_ENGINEERING_REPORT.md","md","audits","support",3ac06940b102b93b6708972fb69a7ea572a2636c91fa85e6a3f551a740f5cdc4,"final-zenodo-publication-checkpoint","regenerated before GitHub checkpoint"
"audits/codex_reports/codex1008_STEP2_REPORT.md","md","audits","support",48cf7952c853586ebd9a7ed0a3f003d4a30d251bd8cd6f615932924845cc63ac,"final-zenodo-publication-checkpoint","regenerated before GitHub checkpoint"
"audits/codex_reports/codex1033_STEP4_REPORT.md","md","audits","support",3af11cae280e504635aaab437393f87d7fa01080060ad72d72da0c27e280651c,"final-zenodo-publication-checkpoint","regenerated before GitHub checkpoint"
"audits/extracted/Audyt_LSC_Szczegolowy_2026.txt","txt","audits","support",656a2520fa267072dc1f29212146a30aa4a8bc0c2862b50ea2c28a23119d49cc,"final-zenodo-publication-checkpoint","regenerated before GitHub checkpoint"
"audits/extracted/LSC_GeminiPro_Final_PreBEST2_Audit (1).txt","txt","audits","support",24ddb849970a7fb9915d74c814c0d30a0c4a1d176ee3afd24dc8850a03dfa6fb,"final-zenodo-publication-checkpoint","regenerated before GitHub checkpoint"
"audits/extracted/LSC_Gemini_Data_Audit_Pre_BEST2.txt","txt","audits","support",f0e334912c3dab06876ad43ae1cb825ad87ec1da43d9c0b728aaa40f139f62c0,"final-zenodo-publication-checkpoint","regenerated before GitHub checkpoint"
"audits/extracted/LSC_Kimi_Structural_Freeze_Audit.txt","txt","audits","support",0eab0de658c0bcc6520a3f3b11883a526eafa1bba8ab4d01887b3e7f60fc3294,"final-zenodo-publication-checkpoint","regenerated before GitHub checkpoint"
"audits/extracted/LSC_Physics_Audit_2026-05-25.md","md","audits","support",faa968ca65f11b787d588f863d826a5cd5920156c7c421c84f872cc51b61e416,"final-zenodo-publication-checkpoint","regenerated before GitHub checkpoint"
"audits/extracted/LSC_Public_Data_Constraint_Reconnaissance.txt","txt","audits","support",f8f01f463c21a882f2c9388c95a722c2d8c3f1b34fddd9ef977caedd4e112b12,"final-zenodo-publication-checkpoint","regenerated before GitHub checkpoint"
"audits/extracted/deepseek_25_maj.txt","txt","audits","support",065a75595479bfbdd9d67fa09e41338bba5a94e4f1ee31d16d2cf433fb62131b,"final-zenodo-publication-checkpoint","regenerated before GitHub checkpoint"
"audits/extracted/gemini rezonans.md","md","audits","support",cb0d930b045257c5916bfdc205faa96a12e9cc25d0d24dd5533f2f1e7c816618,"final-zenodo-publication-checkpoint","regenerated before GitHub checkpoint"
"audits/extracted/gemini_rezonans.txt.txt","txt","audits","support",d43297bce7ef863108daf73c00a8834add1622deebadf692ed0c81fb00b9c760,"final-zenodo-publication-checkpoint","regenerated before GitHub checkpoint"
"audits/original/Audyt_LSC_Szczegolowy_2026.pdf","pdf","audits","support",3a9c80c6e0f6c9e9e14442c0e9b18901497730d26d7c2d735bdd159f34dc7441,"final-zenodo-publication-checkpoint","regenerated before GitHub checkpoint"
"audits/original/LSC_GeminiPro_Final_PreBEST2_Audit (1).pdf","pdf","audits","support",ab31dc3d60c4d1fd2805abf59ad492e2383c8135bea8ca60043083288f553bb2,"final-zenodo-publication-checkpoint","regenerated before GitHub checkpoint"
"audits/original/LSC_Gemini_Data_Audit_Pre_BEST2.pdf","pdf","audits","support",39b4046ac0ed3f342bfbdf17d51374d0cc8dad3af015cf30b560e1c1c6ea0668,"final-zenodo-publication-checkpoint","regenerated before GitHub checkpoint"
"audits/original/LSC_Kimi_Structural_Freeze_Audit.pdf","pdf","audits","support",896a953729882caba83e9216c2d2a2233d52d18e641348b0661e31b382b0d661,"final-zenodo-publication-checkpoint","regenerated before GitHub checkpoint"
"audits/original/LSC_Physics_Audit_2026-05-25.docx","docx","audits","support",83c32bcfac111f6e6d51bc25f9cb1450ac90ce1536ac499ad5cab22f4b802c07,"final-zenodo-publication-checkpoint","regenerated before GitHub checkpoint"
"audits/original/LSC_Public_Data_Constraint_Reconnaissance.pdf","pdf","audits","support",5c7eefe960a04868cb7df71de2ab1bc9408f27fec79dfcf321e6ffc5d3a74421,"final-zenodo-publication-checkpoint","regenerated before GitHub checkpoint"
"audits/original/deepseek 25 maj","none","audits","support",065a75595479bfbdd9d67fa09e41338bba5a94e4f1ee31d16d2cf433fb62131b,"final-zenodo-publication-checkpoint","regenerated before GitHub checkpoint"
"audits/original/gemini rezonans.odt","odt","audits","support",96327753d277e8e276d80ab3d51b1ea97718364dfc0591b73ac16c63429d8609,"final-zenodo-publication-checkpoint","regenerated before GitHub checkpoint"
"audits/original/gemini rezonans.txt","txt","audits","support",d43297bce7ef863108daf73c00a8834add1622deebadf692ed0c81fb00b9c760,"final-zenodo-publication-checkpoint","regenerated before GitHub checkpoint"
"canonical/LSC_ACTIVE_EQUATION_SET.md","md","canonical","active",af801a3f45171f6cc87f526fcfe30b8d87ca445ab304cd614569358aa1f94981,"final-zenodo-publication-checkpoint","regenerated before GitHub checkpoint"
"canonical/LSC_CANONICAL_CORE.md","md","canonical","active",c8857d6bd1c8f1cb3b6d145c4b942985cb330edea879a31de6dabafef882a762,"final-zenodo-publication-checkpoint","regenerated before GitHub checkpoint"
"canonical/LSC_FREEZE_BOUNDARY.md","md","canonical","active",b38ccc4f9f67e020b6c090e548e0bdcc2e8053097e22ac5ceb6447730e6a1f05,"final-zenodo-publication-checkpoint","regenerated before GitHub checkpoint"
"canonical/LSC_HISTORICAL_LINEAGE.md","md","canonical","active",ced6394a527f9cbf668392d896105f8ba9675db96a300be3f7880e21367357ad,"final-zenodo-publication-checkpoint","regenerated before GitHub checkpoint"
"data_requirements/DATA_DISCOVERY_REPORT.md","md","data_requirements","active",f5f56eda39d424b52df72bcb23244d360c8297ea65271952546f3b02ab0c3415,"final-zenodo-publication-checkpoint","regenerated before GitHub checkpoint"
"data_requirements/LSC_MISSING_DATA_CHECKLIST.md","md","data_requirements","active",fb2cad7c52597b240e58c9d8c14a51d1f04207fd7edc1bce52b68fc7781c310a,"final-zenodo-publication-checkpoint","regenerated before GitHub checkpoint"
"data_requirements/LSC_REQUEST_FOR_DATA_ACCESS.md","md","data_requirements","active",72e699fb569623d11879dd3e6a946f37cc083be066f597fdf84dc0cb78474c7e,"final-zenodo-publication-checkpoint","regenerated before GitHub checkpoint"
"docs/LSC_REPOSITORY_STRUCTURE_PROPOSAL.md","md","docs","support",16ced200bddd31170859f4a26cbb3624e685926beead434fe1e0cb4f5429e3ac,"final-zenodo-publication-checkpoint","regenerated before GitHub checkpoint"
"docs/REPOSITORY_GUIDE.md","md","docs","support",8a4857b9ac153ee66d5e565e9e27cc8df7fe2eaf5e4c8c5c533286a807fbecb2,"final-zenodo-publication-checkpoint","regenerated before GitHub checkpoint"
"docs/repository_authority/AUTHORITY_SCOPE.md","md","docs","support",d3eb12b7d9575576b13ce4f7d0e1f9046135b368c2448e5b8cae2a97dfc231cc,"final-zenodo-publication-checkpoint","regenerated before GitHub checkpoint"
"docs/repository_authority/COMPUTE_LIMITATIONS.md","md","docs","support",f68f0fc818ed76f700c4651427b47c8bbf650034a8e92141763fb8e6033c2fc8,"final-zenodo-publication-checkpoint","regenerated before GitHub checkpoint"
"docs/repository_authority/ROADMAP.md","md","docs","support",3c546b7f9e7fe93d2978ea79253917e07b8a823d8b0b1444a18f13020cffc538,"final-zenodo-publication-checkpoint","regenerated before GitHub checkpoint"
"freeze_release/FINAL_FREEZE_REVIEW_CHECKLIST.md","md","freeze_release","active",dc46e586880453b563c903597800fcd7781585989d8ed32a0e0f26ab24b2fbe4,"final-zenodo-publication-checkpoint","regenerated before GitHub checkpoint"
"freeze_release/FINAL_GITHUB_FREEZE_CHECKLIST.md","md","freeze_release","active",aa1fd97f20b5e39412ed21ac913d3d25c1b50cdb90907b0694a13509952c2292,"final-zenodo-publication-checkpoint","regenerated before GitHub checkpoint"
"freeze_release/GITHUB_RELEASE_NOTES_DRAFT.md","md","freeze_release","active",c1c528afd4ac9e8dcd078acfdbd533996ad97c4f5420ed0ec1d18339dd3fe1eb,"final-zenodo-publication-checkpoint","regenerated before GitHub checkpoint"
"freeze_release/GITHUB_REPOSITORY_DESCRIPTION_DRAFT.md","md","freeze_release","active",fda572ad22e555999f84a303894b989a6e76cee2b480c6cc96bae8f77e853e63,"final-zenodo-publication-checkpoint","regenerated before GitHub checkpoint"
"freeze_release/LSC_EQUATION_INTEGRITY_REVIEW.md","md","freeze_release","active",c5ac2cec71071074f8e50caf3359572a09ffff9a1ba4d9a7bee04686b38f1b73,"final-zenodo-publication-checkpoint","regenerated before GitHub checkpoint"
"freeze_release/LSC_FINAL_CLAIM_CLASSIFICATION_REVIEW.md","md","freeze_release","active",d2f97bf06ca006a23e2a97c1775b15bd5c80849c5ed7c03751efc4f8de31f93a,"final-zenodo-publication-checkpoint","regenerated before GitHub checkpoint"
"freeze_release/LSC_FINAL_REAUDIT_SUMMARY.md","md","freeze_release","active",134548913711d22b42788a9db313aa88067e79c84bfd07cbfa082e2ec812c2ba,"final-zenodo-publication-checkpoint","regenerated before GitHub checkpoint"
"freeze_release/LSC_FINAL_ZENODO_PUBLICATION_REPORT.md","md","freeze_release","active",7127bead3ba386380cfd6df3269f280dc426cf58035ebbc4dfdf8defa6e8f0fd,"final-zenodo-publication-checkpoint","regenerated before GitHub checkpoint"
"freeze_release/LSC_PRE_BEST2_FREEZE_STATEMENT.md","md","freeze_release","active",149f3c7b504b21cbb58da79a01d38d975b25d86d43cb2bf2aca767e6af8b3acf,"final-zenodo-publication-checkpoint","regenerated before GitHub checkpoint"
"freeze_release/LSC_ZENODO_FREEZE_RELEASE/CHANGELOG.md","md","freeze_release","active",342f06f6d9ea3c1659fdd2906a30815817fcb9945f5456c81b21a9853f83e57a,"final-zenodo-publication-checkpoint","regenerated before GitHub checkpoint"
"freeze_release/LSC_ZENODO_FREEZE_RELEASE/CHECKSUMS.sha256","sha256","freeze_release","active",032d1c2c0c453eb8f3a94c72b7fb360c9f550eb05f89558280af7674513e5a26,"final-zenodo-publication-checkpoint","regenerated before GitHub checkpoint"
"freeze_release/LSC_ZENODO_FREEZE_RELEASE/CITATION.cff","cff","freeze_release","active",4ba64e7d2d51fbbdf3ba28a02a70e65f2e09545b43cc3ab5be6a469078d29e65,"final-zenodo-publication-checkpoint","regenerated before GitHub checkpoint"
"freeze_release/LSC_ZENODO_FREEZE_RELEASE/LICENSE","none","freeze_release","active",1126322e2cc8d165adc4c792eeb195717de2bcc7b39be1ce77959d78e87ef685,"final-zenodo-publication-checkpoint","regenerated before GitHub checkpoint"
"freeze_release/LSC_ZENODO_FREEZE_RELEASE/MANIFEST.csv","csv","freeze_release","active",249132d1582b67b680144be98fb603cc1b264672c01cd5ce2650cabcbada8a92,"final-zenodo-publication-checkpoint","regenerated before GitHub checkpoint"
"freeze_release/LSC_ZENODO_FREEZE_RELEASE/PACKAGE_CHECKSUMS.sha256","sha256","freeze_release","active",c5fd6d8af95d97b39e5575f2f114b99421532a1253779a640fc2aa067cf0c6b9,"final-zenodo-publication-checkpoint","regenerated before GitHub checkpoint"
"freeze_release/LSC_ZENODO_FREEZE_RELEASE/PACKAGE_MANIFEST.csv","csv","freeze_release","active",dbf02415ce61bc445da2487098aab7b62aa0e5db4601033f4549ecfdd02e4a73,"final-zenodo-publication-checkpoint","regenerated before GitHub checkpoint"
"freeze_release/LSC_ZENODO_FREEZE_RELEASE/README.md","md","freeze_release","active",ce684a6394ef7138a1cbffb939a00e7db4e03b60178ec5233c04eabc1550d06f,"final-zenodo-publication-checkpoint","regenerated before GitHub checkpoint"
"freeze_release/LSC_ZENODO_FREEZE_RELEASE/REPOSITORY_CHECKSUMS.sha256","sha256","freeze_release","active",369a73f3d3a762f574637e996ba1366ba790b6799fddf8e285be946d3ed9eff6,"final-zenodo-publication-checkpoint","regenerated before GitHub checkpoint"
"freeze_release/LSC_ZENODO_FREEZE_RELEASE/REPOSITORY_MANIFEST.csv","csv","freeze_release","active",6fee18a125dd2fb5769f680af1a9b79f4bc8a3de638131b52f0abadb6811dc41,"final-zenodo-publication-checkpoint","regenerated before GitHub checkpoint"
"freeze_release/LSC_ZENODO_FREEZE_RELEASE/audits/codex_reports/Kodeks_1015_STEP3_REVIEW.md","md","freeze_release","active",975bea93c36e92574c95ae6261ab67ad0f7ee177a02a202196198bf035a8b0b9,"final-zenodo-publication-checkpoint","regenerated before GitHub checkpoint"
"freeze_release/LSC_ZENODO_FREEZE_RELEASE/audits/codex_reports/STEP1_CANONICALIZATION_REPORT.md","md","freeze_release","active",9abaadbf723590ff0a214af247fd78fa5a1133f23384bd9bbc465bbe54855394,"final-zenodo-publication-checkpoint","regenerated before GitHub checkpoint"
"freeze_release/LSC_ZENODO_FREEZE_RELEASE/audits/codex_reports/STEP2_VALIDATION_INFRASTRUCTURE_REPORT.md","md","freeze_release","active",d59f2264249021749ccfee35b29edf885effce714e8b570015ee2eef58e0437d,"final-zenodo-publication-checkpoint","regenerated before GitHub checkpoint"
"freeze_release/LSC_ZENODO_FREEZE_RELEASE/audits/codex_reports/STEP3_IMPLEMENTATION_AND_ARCHIVAL_REPORT.md","md","freeze_release","active",de1ead8622e530f2d4e842d343b872223ea0d6032157c4af68cbdb85aa70115c,"final-zenodo-publication-checkpoint","regenerated before GitHub checkpoint"
"freeze_release/LSC_ZENODO_FREEZE_RELEASE/audits/codex_reports/STEP4_FINAL_FREEZE_PACKAGE_REPORT.md","md","freeze_release","active",d3be0bc3efcb0cdb64408a70cbf20c699a81135f6ab01a9edb1d781de8fbc6de,"final-zenodo-publication-checkpoint","regenerated before GitHub checkpoint"
"freeze_release/LSC_ZENODO_FREEZE_RELEASE/audits/codex_reports/STEP5_GITHUB_FREEZE_ENGINEERING_REPORT.md","md","freeze_release","active",3ac06940b102b93b6708972fb69a7ea572a2636c91fa85e6a3f551a740f5cdc4,"final-zenodo-publication-checkpoint","regenerated before GitHub checkpoint"
"freeze_release/LSC_ZENODO_FREEZE_RELEASE/audits/codex_reports/codex1008_STEP2_REPORT.md","md","freeze_release","active",48cf7952c853586ebd9a7ed0a3f003d4a30d251bd8cd6f615932924845cc63ac,"final-zenodo-publication-checkpoint","regenerated before GitHub checkpoint"
"freeze_release/LSC_ZENODO_FREEZE_RELEASE/audits/codex_reports/codex1033_STEP4_REPORT.md","md","freeze_release","active",3af11cae280e504635aaab437393f87d7fa01080060ad72d72da0c27e280651c,"final-zenodo-publication-checkpoint","regenerated before GitHub checkpoint"
"freeze_release/LSC_ZENODO_FREEZE_RELEASE/audits/extracted/Audyt_LSC_Szczegolowy_2026.txt","txt","freeze_release","active",656a2520fa267072dc1f29212146a30aa4a8bc0c2862b50ea2c28a23119d49cc,"final-zenodo-publication-checkpoint","regenerated before GitHub checkpoint"
"freeze_release/LSC_ZENODO_FREEZE_RELEASE/audits/extracted/LSC_GeminiPro_Final_PreBEST2_Audit (1).txt","txt","freeze_release","active",24ddb849970a7fb9915d74c814c0d30a0c4a1d176ee3afd24dc8850a03dfa6fb,"final-zenodo-publication-checkpoint","regenerated before GitHub checkpoint"
"freeze_release/LSC_ZENODO_FREEZE_RELEASE/audits/extracted/LSC_Gemini_Data_Audit_Pre_BEST2.txt","txt","freeze_release","active",f0e334912c3dab06876ad43ae1cb825ad87ec1da43d9c0b728aaa40f139f62c0,"final-zenodo-publication-checkpoint","regenerated before GitHub checkpoint"
"freeze_release/LSC_ZENODO_FREEZE_RELEASE/audits/extracted/LSC_Kimi_Structural_Freeze_Audit.txt","txt","freeze_release","active",0eab0de658c0bcc6520a3f3b11883a526eafa1bba8ab4d01887b3e7f60fc3294,"final-zenodo-publication-checkpoint","regenerated before GitHub checkpoint"
"freeze_release/LSC_ZENODO_FREEZE_RELEASE/audits/extracted/LSC_Physics_Audit_2026-05-25.md","md","freeze_release","active",faa968ca65f11b787d588f863d826a5cd5920156c7c421c84f872cc51b61e416,"final-zenodo-publication-checkpoint","regenerated before GitHub checkpoint"
"freeze_release/LSC_ZENODO_FREEZE_RELEASE/audits/extracted/LSC_Public_Data_Constraint_Reconnaissance.txt","txt","freeze_release","active",f8f01f463c21a882f2c9388c95a722c2d8c3f1b34fddd9ef977caedd4e112b12,"final-zenodo-publication-checkpoint","regenerated before GitHub checkpoint"
"freeze_release/LSC_ZENODO_FREEZE_RELEASE/audits/extracted/deepseek_25_maj.txt","txt","freeze_release","active",065a75595479bfbdd9d67fa09e41338bba5a94e4f1ee31d16d2cf433fb62131b,"final-zenodo-publication-checkpoint","regenerated before GitHub checkpoint"
"freeze_release/LSC_ZENODO_FREEZE_RELEASE/audits/extracted/gemini rezonans.md","md","freeze_release","active",cb0d930b045257c5916bfdc205faa96a12e9cc25d0d24dd5533f2f1e7c816618,"final-zenodo-publication-checkpoint","regenerated before GitHub checkpoint"
"freeze_release/LSC_ZENODO_FREEZE_RELEASE/audits/extracted/gemini_rezonans.txt.txt","txt","freeze_release","active",d43297bce7ef863108daf73c00a8834add1622deebadf692ed0c81fb00b9c760,"final-zenodo-publication-checkpoint","regenerated before GitHub checkpoint"
"freeze_release/LSC_ZENODO_FREEZE_RELEASE/canonical/LSC_ACTIVE_EQUATION_SET.md","md","freeze_release","active",af801a3f45171f6cc87f526fcfe30b8d87ca445ab304cd614569358aa1f94981,"final-zenodo-publication-checkpoint","regenerated before GitHub checkpoint"
"freeze_release/LSC_ZENODO_FREEZE_RELEASE/canonical/LSC_CANONICAL_CORE.md","md","freeze_release","active",c8857d6bd1c8f1cb3b6d145c4b942985cb330edea879a31de6dabafef882a762,"final-zenodo-publication-checkpoint","regenerated before GitHub checkpoint"
"freeze_release/LSC_ZENODO_FREEZE_RELEASE/canonical/LSC_FREEZE_BOUNDARY.md","md","freeze_release","active",b38ccc4f9f67e020b6c090e548e0bdcc2e8053097e22ac5ceb6447730e6a1f05,"final-zenodo-publication-checkpoint","regenerated before GitHub checkpoint"
"freeze_release/LSC_ZENODO_FREEZE_RELEASE/canonical/LSC_HISTORICAL_LINEAGE.md","md","freeze_release","active",ced6394a527f9cbf668392d896105f8ba9675db96a300be3f7880e21367357ad,"final-zenodo-publication-checkpoint","regenerated before GitHub checkpoint"
"freeze_release/LSC_ZENODO_FREEZE_RELEASE/data_requirements/DATA_DISCOVERY_REPORT.md","md","freeze_release","active",f5f56eda39d424b52df72bcb23244d360c8297ea65271952546f3b02ab0c3415,"final-zenodo-publication-checkpoint","regenerated before GitHub checkpoint"
"freeze_release/LSC_ZENODO_FREEZE_RELEASE/data_requirements/LSC_MISSING_DATA_CHECKLIST.md","md","freeze_release","active",fb2cad7c52597b240e58c9d8c14a51d1f04207fd7edc1bce52b68fc7781c310a,"final-zenodo-publication-checkpoint","regenerated before GitHub checkpoint"
"freeze_release/LSC_ZENODO_FREEZE_RELEASE/data_requirements/LSC_REQUEST_FOR_DATA_ACCESS.md","md","freeze_release","active",72e699fb569623d11879dd3e6a946f37cc083be066f597fdf84dc0cb78474c7e,"final-zenodo-publication-checkpoint","regenerated before GitHub checkpoint"
"freeze_release/LSC_ZENODO_FREEZE_RELEASE/implementation/LSC_ARCHIVE_STRUCTURE_PLAN.md","md","freeze_release","active",e2a29d6ada26fc1ccfdcf46a984e70cc1e21ebe5d258524a1885704a5e7fd75e,"final-zenodo-publication-checkpoint","regenerated before GitHub checkpoint"
"freeze_release/LSC_ZENODO_FREEZE_RELEASE/implementation/LSC_BEST2_PREREGISTRATION_FORM.md","md","freeze_release","active",b3c7976378f0f1a7960f0671dcd7c9fbd028326f836028bf606d837f945c8568,"final-zenodo-publication-checkpoint","regenerated before GitHub checkpoint"
"freeze_release/LSC_ZENODO_FREEZE_RELEASE/implementation/LSC_COVARIANCE_PLACEHOLDER_AND_SENSITIVITY_TEMPLATE.md","md","freeze_release","active",e5d846cb5c4b02c4b8dfb67b1b589358afdb85ffa5a676a871b08c140e763176,"final-zenodo-publication-checkpoint","regenerated before GitHub checkpoint"
"freeze_release/LSC_ZENODO_FREEZE_RELEASE/implementation/LSC_CROSS_EXPERIMENT_TRANSFER_PROTOCOL.md","md","freeze_release","active",b04fa3c043d70f4c411f8388766f6c92e32dc516a58d1e7bd91d3c285bf5403f,"final-zenodo-publication-checkpoint","regenerated before GitHub checkpoint"
"freeze_release/LSC_ZENODO_FREEZE_RELEASE/implementation/LSC_DATA_REQUIREMENT_MATRIX.md","md","freeze_release","active",c637f4775941d49ac4884759b479175889f0c1c252efde03c7f7afac7b21e1ce,"final-zenodo-publication-checkpoint","regenerated before GitHub checkpoint"
"freeze_release/LSC_ZENODO_FREEZE_RELEASE/implementation/LSC_EXTERNAL_VETO_DATA_REQUEST_CHECKLIST.md","md","freeze_release","active",9389c7ff9535d863594c4b4a98ca431638424ed0a7c644f1aae754362737e668,"final-zenodo-publication-checkpoint","regenerated before GitHub checkpoint"
"freeze_release/LSC_ZENODO_FREEZE_RELEASE/implementation/LSC_LOO_EXECUTION_PROTOCOL.md","md","freeze_release","active",f11fbe0ba56f43593fc12c706be014413dfb70b68239fa567cbd771deea61e5c,"final-zenodo-publication-checkpoint","regenerated before GitHub checkpoint"
"freeze_release/LSC_ZENODO_FREEZE_RELEASE/implementation/LSC_M0_M6_SPECIFICATION_TEMPLATES.md","md","freeze_release","active",62bc53f8e3e8c860cb781a72983b73864861877438c816cde1285c71008112d9,"final-zenodo-publication-checkpoint","regenerated before GitHub checkpoint"
"freeze_release/LSC_ZENODO_FREEZE_RELEASE/implementation/LSC_M4_IMPLEMENTATION_SCHEMA.md","md","freeze_release","active",b1150da5678eb3c58ba3c2e156be632d8953ea62c58cc0634196c4c72da67a62,"final-zenodo-publication-checkpoint","regenerated before GitHub checkpoint"
"freeze_release/LSC_ZENODO_FREEZE_RELEASE/metadata/CITATION.cff","cff","freeze_release","active",4ba64e7d2d51fbbdf3ba28a02a70e65f2e09545b43cc3ab5be6a469078d29e65,"final-zenodo-publication-checkpoint","regenerated before GitHub checkpoint"
"freeze_release/LSC_ZENODO_FREEZE_RELEASE/metadata/LSC_ZENODO_METADATA_FINAL_DRAFT.json","json","freeze_release","active",4019edb7eceb9736ad9cf4d579b7cd9bd168c52ab380e9991fff30e2bd343a7b,"final-zenodo-publication-checkpoint","regenerated before GitHub checkpoint"
"freeze_release/LSC_ZENODO_FREEZE_RELEASE/pdfs/LSC_CANONICAL_FREEZE_CORE.pdf","pdf","freeze_release","active",c5fdbb8a525b7a0b5407b28e80089959c9d74758a24c7aecf2866247c1002ef0,"final-zenodo-publication-checkpoint","regenerated before GitHub checkpoint"
"freeze_release/LSC_ZENODO_FREEZE_RELEASE/pdfs/LSC_IMPLEMENTATION_TEMPLATES.pdf","pdf","freeze_release","active",9e6de1f2490100d5995d296173c676131ac92b1e8dcdcde2433648c72114879f,"final-zenodo-publication-checkpoint","regenerated before GitHub checkpoint"
"freeze_release/LSC_ZENODO_FREEZE_RELEASE/pdfs/LSC_VALIDATION_INFRASTRUCTURE.pdf","pdf","freeze_release","active",c6b7018947c6becefbc15e972ed89bf149e8fe12a8ba9cfd3399bcb8501c40d8,"final-zenodo-publication-checkpoint","regenerated before GitHub checkpoint"
"freeze_release/LSC_ZENODO_FREEZE_RELEASE/provenance/LSC_CLAIMS_CLASSIFICATION.csv","csv","freeze_release","active",9d69c13a34bb7318f975cd0798d6186f2186bdca5108ba94f46e217fdbb1b029,"final-zenodo-publication-checkpoint","regenerated before GitHub checkpoint"
"freeze_release/LSC_ZENODO_FREEZE_RELEASE/provenance/LSC_SOURCE_INVENTORY.csv","csv","freeze_release","active",c373679f6aa93a4081be1f624ce5d59add5c617cbb04368ba150d103b0f65de3,"final-zenodo-publication-checkpoint","regenerated before GitHub checkpoint"
"freeze_release/LSC_ZENODO_FREEZE_RELEASE/provenance/STEP5_DUPLICATE_REPORT.md","md","freeze_release","active",694139f91c17db8d12cfa950d7acd12c06c77d9f56bf9af44550d72db3ffdda0,"final-zenodo-publication-checkpoint","regenerated before GitHub checkpoint"
"freeze_release/LSC_ZENODO_FREEZE_RELEASE/provenance/STEP5_MIGRATION_PLAN.md","md","freeze_release","active",2f4662cca967c9b6f01c46b7e367ed6938bebf9c6a6d22725047d96dd0a2b983,"final-zenodo-publication-checkpoint","regenerated before GitHub checkpoint"
"freeze_release/LSC_ZENODO_FREEZE_RELEASE/release/FINAL_FREEZE_REVIEW_CHECKLIST.md","md","freeze_release","active",dc46e586880453b563c903597800fcd7781585989d8ed32a0e0f26ab24b2fbe4,"final-zenodo-publication-checkpoint","regenerated before GitHub checkpoint"
"freeze_release/LSC_ZENODO_FREEZE_RELEASE/release/FINAL_GITHUB_FREEZE_CHECKLIST.md","md","freeze_release","active",aa1fd97f20b5e39412ed21ac913d3d25c1b50cdb90907b0694a13509952c2292,"final-zenodo-publication-checkpoint","regenerated before GitHub checkpoint"
"freeze_release/LSC_ZENODO_FREEZE_RELEASE/release/GITHUB_REPOSITORY_DESCRIPTION_DRAFT.md","md","freeze_release","active",fda572ad22e555999f84a303894b989a6e76cee2b480c6cc96bae8f77e853e63,"final-zenodo-publication-checkpoint","regenerated before GitHub checkpoint"
"freeze_release/LSC_ZENODO_FREEZE_RELEASE/release/LSC_EQUATION_INTEGRITY_REVIEW.md","md","freeze_release","active",c5ac2cec71071074f8e50caf3359572a09ffff9a1ba4d9a7bee04686b38f1b73,"final-zenodo-publication-checkpoint","regenerated before GitHub checkpoint"
"freeze_release/LSC_ZENODO_FREEZE_RELEASE/release/LSC_FINAL_CLAIM_CLASSIFICATION_REVIEW.md","md","freeze_release","active",d2f97bf06ca006a23e2a97c1775b15bd5c80849c5ed7c03751efc4f8de31f93a,"final-zenodo-publication-checkpoint","regenerated before GitHub checkpoint"
"freeze_release/LSC_ZENODO_FREEZE_RELEASE/release/LSC_FINAL_REAUDIT_SUMMARY.md","md","freeze_release","active",134548913711d22b42788a9db313aa88067e79c84bfd07cbfa082e2ec812c2ba,"final-zenodo-publication-checkpoint","regenerated before GitHub checkpoint"
"freeze_release/LSC_ZENODO_FREEZE_RELEASE/release/LSC_ZENODO_RELEASE_ABSTRACT_DRAFT.md","md","freeze_release","active",d42c904ae2051bd2969a3d448b237186053e0facbef9b3de6d517ff993377cd2,"final-zenodo-publication-checkpoint","regenerated before GitHub checkpoint"
"freeze_release/LSC_ZENODO_FREEZE_RELEASE/release/ZENODO_NEXT_STEP_NOTICE.md","md","freeze_release","active",13052594d4e17b9eb28dfee489f364867350a18b4995e7329a6a7c52805936f3,"final-zenodo-publication-checkpoint","regenerated before GitHub checkpoint"
"freeze_release/LSC_ZENODO_FREEZE_RELEASE/validation/LSC_COVARIANCE_AND_DATA_POLICY.md","md","freeze_release","active",067cd25e7c8cd411231e8e3a6aa948deebd7aa73da4081010cbe4b4da54a3fe0,"final-zenodo-publication-checkpoint","regenerated before GitHub checkpoint"
"freeze_release/LSC_ZENODO_FREEZE_RELEASE/validation/LSC_EXTERNAL_VETO_CHECKLIST.md","md","freeze_release","active",49c55db5128220b0bdc283af0384093461313d402a03a4a2f2650428dfd33283,"final-zenodo-publication-checkpoint","regenerated before GitHub checkpoint"
"freeze_release/LSC_ZENODO_FREEZE_RELEASE/validation/LSC_FAILURE_MODES_AND_RISK_MATRIX.md","md","freeze_release","active",07c386964689da0dda142fbbc7c6ee42a66b92c28c0ac47f346322f4188e8bf5,"final-zenodo-publication-checkpoint","regenerated before GitHub checkpoint"
"freeze_release/LSC_ZENODO_FREEZE_RELEASE/validation/LSC_M4_DETECTOR_SYSTEMATICS_BASELINE.md","md","freeze_release","active",7cd25ba2f0f12eea1a2d9e6fe443531c3960d5b124f0d052a5683409c12d99e4,"final-zenodo-publication-checkpoint","regenerated before GitHub checkpoint"
"freeze_release/LSC_ZENODO_FREEZE_RELEASE/validation/LSC_PREREGISTRATION_POLICY.md","md","freeze_release","active",70d906e7b6231e46e8ced7056388c361a948fb6596912382b90131d2d44553ac,"final-zenodo-publication-checkpoint","regenerated before GitHub checkpoint"
"freeze_release/LSC_ZENODO_FREEZE_RELEASE/validation/LSC_VALIDATION_PROTOCOL.md","md","freeze_release","active",b096911ca2313a01568a88581b1e2e5db6e7e3485bf47b5653055ba79e384b68,"final-zenodo-publication-checkpoint","regenerated before GitHub checkpoint"
"freeze_release/LSC_ZENODO_METADATA_DRAFT.json","json","freeze_release","active",4019edb7eceb9736ad9cf4d579b7cd9bd168c52ab380e9991fff30e2bd343a7b,"final-zenodo-publication-checkpoint","regenerated before GitHub checkpoint"
"freeze_release/LSC_ZENODO_RELEASE_ABSTRACT_DRAFT.md","md","freeze_release","active",d42c904ae2051bd2969a3d448b237186053e0facbef9b3de6d517ff993377cd2,"final-zenodo-publication-checkpoint","regenerated before GitHub checkpoint"
"freeze_release/LSC_ZENODO_UPDATE_PACKAGE/CHANGELOG.md","md","freeze_release","active",342f06f6d9ea3c1659fdd2906a30815817fcb9945f5456c81b21a9853f83e57a,"final-zenodo-publication-checkpoint","regenerated before GitHub checkpoint"
"freeze_release/LSC_ZENODO_UPDATE_PACKAGE/CHECKSUMS.sha256","sha256","freeze_release","active",a9c3388e9fedfaaad5e92db6e4d4c33c8d4901e648897b3894f2509190128bad,"final-zenodo-publication-checkpoint","regenerated before GitHub checkpoint"
"freeze_release/LSC_ZENODO_UPDATE_PACKAGE/CITATION.cff","cff","freeze_release","active",4ba64e7d2d51fbbdf3ba28a02a70e65f2e09545b43cc3ab5be6a469078d29e65,"final-zenodo-publication-checkpoint","regenerated before GitHub checkpoint"
"freeze_release/LSC_ZENODO_UPDATE_PACKAGE/LICENSE","none","freeze_release","active",1126322e2cc8d165adc4c792eeb195717de2bcc7b39be1ce77959d78e87ef685,"final-zenodo-publication-checkpoint","regenerated before GitHub checkpoint"
"freeze_release/LSC_ZENODO_UPDATE_PACKAGE/MANIFEST.csv","csv","freeze_release","active",d33da84b74236ed263cae1daec4d7836e59c74aa014f99c29adec7477ef32cf9,"final-zenodo-publication-checkpoint","regenerated before GitHub checkpoint"
"freeze_release/LSC_ZENODO_UPDATE_PACKAGE/PACKAGE_CHECKSUMS.sha256","sha256","freeze_release","active",6536d4ce3ea6b232ad73bec662793a184f6909876853f82c8e3630297dbcefc2,"final-zenodo-publication-checkpoint","regenerated before GitHub checkpoint"
"freeze_release/LSC_ZENODO_UPDATE_PACKAGE/PACKAGE_MANIFEST.csv","csv","freeze_release","active",198ce92efbf49538a543eb9f165f8f3b2febf8f6d776f5955cd845e80c0f23d6,"final-zenodo-publication-checkpoint","regenerated before GitHub checkpoint"
"freeze_release/LSC_ZENODO_UPDATE_PACKAGE/README.md","md","freeze_release","active",a29f2c9a2b8353c4df20278049fec8143ed67a0b03866f58f9989d58a81ee66e,"final-zenodo-publication-checkpoint","regenerated before GitHub checkpoint"
"freeze_release/LSC_ZENODO_UPDATE_PACKAGE/audits/codex_reports/Kodeks_1015_STEP3_REVIEW.md","md","freeze_release","active",975bea93c36e92574c95ae6261ab67ad0f7ee177a02a202196198bf035a8b0b9,"final-zenodo-publication-checkpoint","regenerated before GitHub checkpoint"
"freeze_release/LSC_ZENODO_UPDATE_PACKAGE/audits/codex_reports/STEP1_CANONICALIZATION_REPORT.md","md","freeze_release","active",9abaadbf723590ff0a214af247fd78fa5a1133f23384bd9bbc465bbe54855394,"final-zenodo-publication-checkpoint","regenerated before GitHub checkpoint"
"freeze_release/LSC_ZENODO_UPDATE_PACKAGE/audits/codex_reports/STEP2_VALIDATION_INFRASTRUCTURE_REPORT.md","md","freeze_release","active",d59f2264249021749ccfee35b29edf885effce714e8b570015ee2eef58e0437d,"final-zenodo-publication-checkpoint","regenerated before GitHub checkpoint"
"freeze_release/LSC_ZENODO_UPDATE_PACKAGE/audits/codex_reports/STEP3_IMPLEMENTATION_AND_ARCHIVAL_REPORT.md","md","freeze_release","active",de1ead8622e530f2d4e842d343b872223ea0d6032157c4af68cbdb85aa70115c,"final-zenodo-publication-checkpoint","regenerated before GitHub checkpoint"
"freeze_release/LSC_ZENODO_UPDATE_PACKAGE/audits/codex_reports/STEP4_FINAL_FREEZE_PACKAGE_REPORT.md","md","freeze_release","active",d3be0bc3efcb0cdb64408a70cbf20c699a81135f6ab01a9edb1d781de8fbc6de,"final-zenodo-publication-checkpoint","regenerated before GitHub checkpoint"
"freeze_release/LSC_ZENODO_UPDATE_PACKAGE/audits/codex_reports/STEP5_GITHUB_FREEZE_ENGINEERING_REPORT.md","md","freeze_release","active",3ac06940b102b93b6708972fb69a7ea572a2636c91fa85e6a3f551a740f5cdc4,"final-zenodo-publication-checkpoint","regenerated before GitHub checkpoint"
"freeze_release/LSC_ZENODO_UPDATE_PACKAGE/audits/codex_reports/codex1008_STEP2_REPORT.md","md","freeze_release","active",48cf7952c853586ebd9a7ed0a3f003d4a30d251bd8cd6f615932924845cc63ac,"final-zenodo-publication-checkpoint","regenerated before GitHub checkpoint"
"freeze_release/LSC_ZENODO_UPDATE_PACKAGE/audits/codex_reports/codex1033_STEP4_REPORT.md","md","freeze_release","active",3af11cae280e504635aaab437393f87d7fa01080060ad72d72da0c27e280651c,"final-zenodo-publication-checkpoint","regenerated before GitHub checkpoint"
"freeze_release/LSC_ZENODO_UPDATE_PACKAGE/audits/extracted/Audyt_LSC_Szczegolowy_2026.txt","txt","freeze_release","active",656a2520fa267072dc1f29212146a30aa4a8bc0c2862b50ea2c28a23119d49cc,"final-zenodo-publication-checkpoint","regenerated before GitHub checkpoint"
"freeze_release/LSC_ZENODO_UPDATE_PACKAGE/audits/extracted/LSC_GeminiPro_Final_PreBEST2_Audit (1).txt","txt","freeze_release","active",24ddb849970a7fb9915d74c814c0d30a0c4a1d176ee3afd24dc8850a03dfa6fb,"final-zenodo-publication-checkpoint","regenerated before GitHub checkpoint"
"freeze_release/LSC_ZENODO_UPDATE_PACKAGE/audits/extracted/LSC_Gemini_Data_Audit_Pre_BEST2.txt","txt","freeze_release","active",f0e334912c3dab06876ad43ae1cb825ad87ec1da43d9c0b728aaa40f139f62c0,"final-zenodo-publication-checkpoint","regenerated before GitHub checkpoint"
"freeze_release/LSC_ZENODO_UPDATE_PACKAGE/audits/extracted/LSC_Kimi_Structural_Freeze_Audit.txt","txt","freeze_release","active",0eab0de658c0bcc6520a3f3b11883a526eafa1bba8ab4d01887b3e7f60fc3294,"final-zenodo-publication-checkpoint","regenerated before GitHub checkpoint"
"freeze_release/LSC_ZENODO_UPDATE_PACKAGE/audits/extracted/LSC_Physics_Audit_2026-05-25.md","md","freeze_release","active",faa968ca65f11b787d588f863d826a5cd5920156c7c421c84f872cc51b61e416,"final-zenodo-publication-checkpoint","regenerated before GitHub checkpoint"
"freeze_release/LSC_ZENODO_UPDATE_PACKAGE/audits/extracted/LSC_Public_Data_Constraint_Reconnaissance.txt","txt","freeze_release","active",f8f01f463c21a882f2c9388c95a722c2d8c3f1b34fddd9ef977caedd4e112b12,"final-zenodo-publication-checkpoint","regenerated before GitHub checkpoint"
"freeze_release/LSC_ZENODO_UPDATE_PACKAGE/audits/extracted/deepseek_25_maj.txt","txt","freeze_release","active",065a75595479bfbdd9d67fa09e41338bba5a94e4f1ee31d16d2cf433fb62131b,"final-zenodo-publication-checkpoint","regenerated before GitHub checkpoint"
"freeze_release/LSC_ZENODO_UPDATE_PACKAGE/audits/extracted/gemini rezonans.md","md","freeze_release","active",cb0d930b045257c5916bfdc205faa96a12e9cc25d0d24dd5533f2f1e7c816618,"final-zenodo-publication-checkpoint","regenerated before GitHub checkpoint"
"freeze_release/LSC_ZENODO_UPDATE_PACKAGE/audits/extracted/gemini_rezonans.txt.txt","txt","freeze_release","active",d43297bce7ef863108daf73c00a8834add1622deebadf692ed0c81fb00b9c760,"final-zenodo-publication-checkpoint","regenerated before GitHub checkpoint"
"freeze_release/LSC_ZENODO_UPDATE_PACKAGE/canonical/LSC_ACTIVE_EQUATION_SET.md","md","freeze_release","active",af801a3f45171f6cc87f526fcfe30b8d87ca445ab304cd614569358aa1f94981,"final-zenodo-publication-checkpoint","regenerated before GitHub checkpoint"
"freeze_release/LSC_ZENODO_UPDATE_PACKAGE/canonical/LSC_CANONICAL_CORE.md","md","freeze_release","active",c8857d6bd1c8f1cb3b6d145c4b942985cb330edea879a31de6dabafef882a762,"final-zenodo-publication-checkpoint","regenerated before GitHub checkpoint"
"freeze_release/LSC_ZENODO_UPDATE_PACKAGE/canonical/LSC_FREEZE_BOUNDARY.md","md","freeze_release","active",b38ccc4f9f67e020b6c090e548e0bdcc2e8053097e22ac5ceb6447730e6a1f05,"final-zenodo-publication-checkpoint","regenerated before GitHub checkpoint"
"freeze_release/LSC_ZENODO_UPDATE_PACKAGE/canonical/LSC_HISTORICAL_LINEAGE.md","md","freeze_release","active",ced6394a527f9cbf668392d896105f8ba9675db96a300be3f7880e21367357ad,"final-zenodo-publication-checkpoint","regenerated before GitHub checkpoint"
"freeze_release/LSC_ZENODO_UPDATE_PACKAGE/data_requirements/DATA_DISCOVERY_REPORT.md","md","freeze_release","active",f5f56eda39d424b52df72bcb23244d360c8297ea65271952546f3b02ab0c3415,"final-zenodo-publication-checkpoint","regenerated before GitHub checkpoint"
"freeze_release/LSC_ZENODO_UPDATE_PACKAGE/data_requirements/LSC_MISSING_DATA_CHECKLIST.md","md","freeze_release","active",fb2cad7c52597b240e58c9d8c14a51d1f04207fd7edc1bce52b68fc7781c310a,"final-zenodo-publication-checkpoint","regenerated before GitHub checkpoint"
"freeze_release/LSC_ZENODO_UPDATE_PACKAGE/data_requirements/LSC_REQUEST_FOR_DATA_ACCESS.md","md","freeze_release","active",72e699fb569623d11879dd3e6a946f37cc083be066f597fdf84dc0cb78474c7e,"final-zenodo-publication-checkpoint","regenerated before GitHub checkpoint"
"freeze_release/LSC_ZENODO_UPDATE_PACKAGE/implementation/LSC_ARCHIVE_STRUCTURE_PLAN.md","md","freeze_release","active",e2a29d6ada26fc1ccfdcf46a984e70cc1e21ebe5d258524a1885704a5e7fd75e,"final-zenodo-publication-checkpoint","regenerated before GitHub checkpoint"
"freeze_release/LSC_ZENODO_UPDATE_PACKAGE/implementation/LSC_BEST2_PREREGISTRATION_FORM.md","md","freeze_release","active",b3c7976378f0f1a7960f0671dcd7c9fbd028326f836028bf606d837f945c8568,"final-zenodo-publication-checkpoint","regenerated before GitHub checkpoint"
"freeze_release/LSC_ZENODO_UPDATE_PACKAGE/implementation/LSC_COVARIANCE_PLACEHOLDER_AND_SENSITIVITY_TEMPLATE.md","md","freeze_release","active",e5d846cb5c4b02c4b8dfb67b1b589358afdb85ffa5a676a871b08c140e763176,"final-zenodo-publication-checkpoint","regenerated before GitHub checkpoint"
"freeze_release/LSC_ZENODO_UPDATE_PACKAGE/implementation/LSC_CROSS_EXPERIMENT_TRANSFER_PROTOCOL.md","md","freeze_release","active",b04fa3c043d70f4c411f8388766f6c92e32dc516a58d1e7bd91d3c285bf5403f,"final-zenodo-publication-checkpoint","regenerated before GitHub checkpoint"
"freeze_release/LSC_ZENODO_UPDATE_PACKAGE/implementation/LSC_DATA_REQUIREMENT_MATRIX.md","md","freeze_release","active",c637f4775941d49ac4884759b479175889f0c1c252efde03c7f7afac7b21e1ce,"final-zenodo-publication-checkpoint","regenerated before GitHub checkpoint"
"freeze_release/LSC_ZENODO_UPDATE_PACKAGE/implementation/LSC_EXTERNAL_VETO_DATA_REQUEST_CHECKLIST.md","md","freeze_release","active",9389c7ff9535d863594c4b4a98ca431638424ed0a7c644f1aae754362737e668,"final-zenodo-publication-checkpoint","regenerated before GitHub checkpoint"
"freeze_release/LSC_ZENODO_UPDATE_PACKAGE/implementation/LSC_LOO_EXECUTION_PROTOCOL.md","md","freeze_release","active",f11fbe0ba56f43593fc12c706be014413dfb70b68239fa567cbd771deea61e5c,"final-zenodo-publication-checkpoint","regenerated before GitHub checkpoint"
"freeze_release/LSC_ZENODO_UPDATE_PACKAGE/implementation/LSC_M0_M6_SPECIFICATION_TEMPLATES.md","md","freeze_release","active",62bc53f8e3e8c860cb781a72983b73864861877438c816cde1285c71008112d9,"final-zenodo-publication-checkpoint","regenerated before GitHub checkpoint"
"freeze_release/LSC_ZENODO_UPDATE_PACKAGE/implementation/LSC_M4_IMPLEMENTATION_SCHEMA.md","md","freeze_release","active",b1150da5678eb3c58ba3c2e156be632d8953ea62c58cc0634196c4c72da67a62,"final-zenodo-publication-checkpoint","regenerated before GitHub checkpoint"
"freeze_release/LSC_ZENODO_UPDATE_PACKAGE/metadata/CITATION.cff","cff","freeze_release","active",4ba64e7d2d51fbbdf3ba28a02a70e65f2e09545b43cc3ab5be6a469078d29e65,"final-zenodo-publication-checkpoint","regenerated before GitHub checkpoint"
"freeze_release/LSC_ZENODO_UPDATE_PACKAGE/metadata/LSC_ZENODO_METADATA_FINAL.json","json","freeze_release","active",803f318f27f94edb88dea16d6bd4545deed0fb7d850ec6453e7ce2e78353e19f,"final-zenodo-publication-checkpoint","regenerated before GitHub checkpoint"
"freeze_release/LSC_ZENODO_UPDATE_PACKAGE/pdfs/LSC_CANONICAL_FREEZE_CORE.pdf","pdf","freeze_release","active",c5fdbb8a525b7a0b5407b28e80089959c9d74758a24c7aecf2866247c1002ef0,"final-zenodo-publication-checkpoint","regenerated before GitHub checkpoint"
"freeze_release/LSC_ZENODO_UPDATE_PACKAGE/pdfs/LSC_IMPLEMENTATION_TEMPLATES.pdf","pdf","freeze_release","active",9e6de1f2490100d5995d296173c676131ac92b1e8dcdcde2433648c72114879f,"final-zenodo-publication-checkpoint","regenerated before GitHub checkpoint"
"freeze_release/LSC_ZENODO_UPDATE_PACKAGE/pdfs/LSC_VALIDATION_INFRASTRUCTURE.pdf","pdf","freeze_release","active",c6b7018947c6becefbc15e972ed89bf149e8fe12a8ba9cfd3399bcb8501c40d8,"final-zenodo-publication-checkpoint","regenerated before GitHub checkpoint"
"freeze_release/LSC_ZENODO_UPDATE_PACKAGE/provenance/LSC_CLAIMS_CLASSIFICATION.csv","csv","freeze_release","active",9d69c13a34bb7318f975cd0798d6186f2186bdca5108ba94f46e217fdbb1b029,"final-zenodo-publication-checkpoint","regenerated before GitHub checkpoint"
"freeze_release/LSC_ZENODO_UPDATE_PACKAGE/provenance/LSC_SOURCE_INVENTORY.csv","csv","freeze_release","active",c373679f6aa93a4081be1f624ce5d59add5c617cbb04368ba150d103b0f65de3,"final-zenodo-publication-checkpoint","regenerated before GitHub checkpoint"
"freeze_release/LSC_ZENODO_UPDATE_PACKAGE/provenance/STEP5_DUPLICATE_REPORT.md","md","freeze_release","active",694139f91c17db8d12cfa950d7acd12c06c77d9f56bf9af44550d72db3ffdda0,"final-zenodo-publication-checkpoint","regenerated before GitHub checkpoint"
"freeze_release/LSC_ZENODO_UPDATE_PACKAGE/provenance/STEP5_MIGRATION_PLAN.md","md","freeze_release","active",2f4662cca967c9b6f01c46b7e367ed6938bebf9c6a6d22725047d96dd0a2b983,"final-zenodo-publication-checkpoint","regenerated before GitHub checkpoint"
"freeze_release/LSC_ZENODO_UPDATE_PACKAGE/release/FINAL_FREEZE_REVIEW_CHECKLIST.md","md","freeze_release","active",dc46e586880453b563c903597800fcd7781585989d8ed32a0e0f26ab24b2fbe4,"final-zenodo-publication-checkpoint","regenerated before GitHub checkpoint"
"freeze_release/LSC_ZENODO_UPDATE_PACKAGE/release/FINAL_GITHUB_FREEZE_CHECKLIST.md","md","freeze_release","active",aa1fd97f20b5e39412ed21ac913d3d25c1b50cdb90907b0694a13509952c2292,"final-zenodo-publication-checkpoint","regenerated before GitHub checkpoint"
"freeze_release/LSC_ZENODO_UPDATE_PACKAGE/release/GITHUB_REPOSITORY_DESCRIPTION_DRAFT.md","md","freeze_release","active",fda572ad22e555999f84a303894b989a6e76cee2b480c6cc96bae8f77e853e63,"final-zenodo-publication-checkpoint","regenerated before GitHub checkpoint"
"freeze_release/LSC_ZENODO_UPDATE_PACKAGE/release/LSC_EQUATION_INTEGRITY_REVIEW.md","md","freeze_release","active",c5ac2cec71071074f8e50caf3359572a09ffff9a1ba4d9a7bee04686b38f1b73,"final-zenodo-publication-checkpoint","regenerated before GitHub checkpoint"
"freeze_release/LSC_ZENODO_UPDATE_PACKAGE/release/LSC_FINAL_CLAIM_CLASSIFICATION_REVIEW.md","md","freeze_release","active",d2f97bf06ca006a23e2a97c1775b15bd5c80849c5ed7c03751efc4f8de31f93a,"final-zenodo-publication-checkpoint","regenerated before GitHub checkpoint"
"freeze_release/LSC_ZENODO_UPDATE_PACKAGE/release/LSC_FINAL_REAUDIT_SUMMARY.md","md","freeze_release","active",134548913711d22b42788a9db313aa88067e79c84bfd07cbfa082e2ec812c2ba,"final-zenodo-publication-checkpoint","regenerated before GitHub checkpoint"
"freeze_release/LSC_ZENODO_UPDATE_PACKAGE/release/LSC_ZENODO_ABSTRACT_FINAL.md","md","freeze_release","active",8587f83e7b3e075bfc78550810a3168063719d5b05c879060f04e21b52fbf041,"final-zenodo-publication-checkpoint","regenerated before GitHub checkpoint"
"freeze_release/LSC_ZENODO_UPDATE_PACKAGE/release/LSC_ZENODO_KEYWORDS_FINAL.txt","txt","freeze_release","active",cf881d701a94bafa3dee9c18ce5badae8bb44b0d9c07819d8405b57554c3431b,"final-zenodo-publication-checkpoint","regenerated before GitHub checkpoint"
"freeze_release/LSC_ZENODO_UPDATE_PACKAGE/release/LSC_ZENODO_RELEASE_ABSTRACT_DRAFT.md","md","freeze_release","active",d42c904ae2051bd2969a3d448b237186053e0facbef9b3de6d517ff993377cd2,"final-zenodo-publication-checkpoint","regenerated before GitHub checkpoint"
"freeze_release/LSC_ZENODO_UPDATE_PACKAGE/release/LSC_ZENODO_RELEASE_NOTES_FINAL.md","md","freeze_release","active",ef7031b6a944236cb6c9320ec9cfb3e374c9dfd00653a67efd7c525925175b9d,"final-zenodo-publication-checkpoint","regenerated before GitHub checkpoint"
"freeze_release/LSC_ZENODO_UPDATE_PACKAGE/release/LSC_ZENODO_UPLOAD_STRUCTURE.md","md","freeze_release","active",1d8baeda67011267bb17b57b39e50cc7063721ec855a5b8dfad7ec75306e2b5a,"final-zenodo-publication-checkpoint","regenerated before GitHub checkpoint"
"freeze_release/LSC_ZENODO_UPDATE_PACKAGE/release/README_FREEZE_ARCHIVE.md","md","freeze_release","active",b24402301365beba399269c873ce73365ff0886579fe602dc3b7f0b29274b270,"final-zenodo-publication-checkpoint","regenerated before GitHub checkpoint"
"freeze_release/LSC_ZENODO_UPDATE_PACKAGE/release/ZENODO_NEXT_STEP_NOTICE.md","md","freeze_release","active",13052594d4e17b9eb28dfee489f364867350a18b4995e7329a6a7c52805936f3,"final-zenodo-publication-checkpoint","regenerated before GitHub checkpoint"
"freeze_release/LSC_ZENODO_UPDATE_PACKAGE/validation/LSC_COVARIANCE_AND_DATA_POLICY.md","md","freeze_release","active",067cd25e7c8cd411231e8e3a6aa948deebd7aa73da4081010cbe4b4da54a3fe0,"final-zenodo-publication-checkpoint","regenerated before GitHub checkpoint"
"freeze_release/LSC_ZENODO_UPDATE_PACKAGE/validation/LSC_EXTERNAL_VETO_CHECKLIST.md","md","freeze_release","active",49c55db5128220b0bdc283af0384093461313d402a03a4a2f2650428dfd33283,"final-zenodo-publication-checkpoint","regenerated before GitHub checkpoint"
"freeze_release/LSC_ZENODO_UPDATE_PACKAGE/validation/LSC_FAILURE_MODES_AND_RISK_MATRIX.md","md","freeze_release","active",07c386964689da0dda142fbbc7c6ee42a66b92c28c0ac47f346322f4188e8bf5,"final-zenodo-publication-checkpoint","regenerated before GitHub checkpoint"
"freeze_release/LSC_ZENODO_UPDATE_PACKAGE/validation/LSC_M4_DETECTOR_SYSTEMATICS_BASELINE.md","md","freeze_release","active",7cd25ba2f0f12eea1a2d9e6fe443531c3960d5b124f0d052a5683409c12d99e4,"final-zenodo-publication-checkpoint","regenerated before GitHub checkpoint"
"freeze_release/LSC_ZENODO_UPDATE_PACKAGE/validation/LSC_PREREGISTRATION_POLICY.md","md","freeze_release","active",70d906e7b6231e46e8ced7056388c361a948fb6596912382b90131d2d44553ac,"final-zenodo-publication-checkpoint","regenerated before GitHub checkpoint"
"freeze_release/LSC_ZENODO_UPDATE_PACKAGE/validation/LSC_VALIDATION_PROTOCOL.md","md","freeze_release","active",b096911ca2313a01568a88581b1e2e5db6e7e3485bf47b5653055ba79e384b68,"final-zenodo-publication-checkpoint","regenerated before GitHub checkpoint"
"freeze_release/README_FREEZE_ARCHIVE.md","md","freeze_release","active",b24402301365beba399269c873ce73365ff0886579fe602dc3b7f0b29274b270,"final-zenodo-publication-checkpoint","regenerated before GitHub checkpoint"
"freeze_release/ZENODO_NEXT_STEP_NOTICE.md","md","freeze_release","active",13052594d4e17b9eb28dfee489f364867350a18b4995e7329a6a7c52805936f3,"final-zenodo-publication-checkpoint","regenerated before GitHub checkpoint"
"historical_archive/LSC_DEPRECATED_COMPONENTS.md","md","historical_archive","historical",4a97227b4fc0aff79d450fdce5dca5de4918646f9c3895277e65579b84882a4f,"final-zenodo-publication-checkpoint","regenerated before GitHub checkpoint"
"historical_archive/pre_step5_repository/LSC_core/LSC_data/contacts/contact_targets.csv","csv","historical_archive","historical",2af2f87dcba2af017cf619390c5efaafe775f083b1d05c88da7f89d33ebeaa34,"final-zenodo-publication-checkpoint","regenerated before GitHub checkpoint"
"historical_archive/pre_step5_repository/LSC_core/LSC_data/contacts/lsc_data_request_template.txt","txt","historical_archive","historical",b4615bfbebf5209a0dca6ec030cacb2204e8444aeb2c2ce9785db5e1415602d7,"final-zenodo-publication-checkpoint","regenerated before GitHub checkpoint"
"historical_archive/pre_step5_repository/LSC_core/LSC_data/contacts/raw_pages/fnal_gov.html","html","historical_archive","historical",06720685b85151bf7ee89f1dc7f64bcc9769fbda25314ca56825a41e0f02dab5,"final-zenodo-publication-checkpoint","regenerated before GitHub checkpoint"
"historical_archive/pre_step5_repository/LSC_core/LSC_data/contacts/raw_pages/inr_ru.html","html","historical_archive","historical",e9c560f96ca7996dd47486e078f96777d03f047ca6aa35d11fdb5e173ae6fe35,"final-zenodo-publication-checkpoint","regenerated before GitHub checkpoint"
"historical_archive/pre_step5_repository/LSC_core/LSC_data/contacts/raw_pages/mpp_mpg_de.html","html","historical_archive","historical",e8fa9d2963040630620614e4aa205a0cd7ca4fd53822aa253984101213583c59,"final-zenodo-publication-checkpoint","regenerated before GitHub checkpoint"
"historical_archive/pre_step5_repository/LSC_core/LSC_data/contacts/raw_pages/triumf_ca.html","html","historical_archive","historical",fb9a94e4b3a4c8576ae65c03920dd8a36faff0e49a1add54d20130866e9d42d2,"final-zenodo-publication-checkpoint","regenerated before GitHub checkpoint"
"historical_archive/pre_step5_repository/LSC_core/LSC_data/contacts/sent_requests_log.csv","csv","historical_archive","historical",18e190ff06fbb7d71713cc3b68e6f1b2d2afe7e0f8b5bcad8f4f1d7810ffa890,"final-zenodo-publication-checkpoint","regenerated before GitHub checkpoint"
"historical_archive/pre_step5_repository/LSC_core/LSC_data/contacts/smtp_contacts.csv","csv","historical_archive","historical",961e83be41c893beaeee618f8a20200df8eba1c05340e3e3af4cea27804eb231,"final-zenodo-publication-checkpoint","regenerated before GitHub checkpoint"
"historical_archive/pre_step5_repository/LSC_core/LSC_data/data_report.md","md","historical_archive","historical",83aaa4390c3d25b61482d2b0c253f21030509b3b6e54ece54ba77419fc138e6c,"final-zenodo-publication-checkpoint","regenerated before GitHub checkpoint"
"historical_archive/pre_step5_repository/LSC_core/LSC_data/experimental/best_results_summary.json","json","historical_archive","historical",347884557303f7dea0f36cb324cd1e00c39855dd0459f170b1012a7910b51d21,"final-zenodo-publication-checkpoint","regenerated before GitHub checkpoint"
"historical_archive/pre_step5_repository/LSC_core/LSC_data/experimental/gallium_source_experiments.csv","csv","historical_archive","historical",08150f22581fc00decb4c209d7b3b2d7ea04d1ee367afb2f512ecd76461f7cca,"final-zenodo-publication-checkpoint","regenerated before GitHub checkpoint"
"historical_archive/pre_step5_repository/LSC_core/LSC_data/experimental/inspire_literature_links.json","json","historical_archive","historical",0c85fd81773df5023a0c589f4bc4ffb272d3142887f73ac62ee4848a364b7883,"final-zenodo-publication-checkpoint","regenerated before GitHub checkpoint"
"historical_archive/pre_step5_repository/LSC_core/LSC_data/experimental/zenodo_related_records.json","json","historical_archive","historical",c8db7593c2e3041b4deaf22aa0c787887d83c90e79d1e27799b63d027dbc3ff2,"final-zenodo-publication-checkpoint","regenerated before GitHub checkpoint"
"historical_archive/pre_step5_repository/LSC_core/LSC_data/geometry/best_geometry.json","json","historical_archive","historical",55e0bc1fe460bf8d2774dd6de83672007628d0dbc55fe16810b5fcb74b7b5b8d,"final-zenodo-publication-checkpoint","regenerated before GitHub checkpoint"
"historical_archive/pre_step5_repository/LSC_core/LSC_data/public_sources/arxiv/BEST_2109.11482.pdf","pdf","historical_archive","historical",cefb33c80219c795da5ee01bbd24a8d524b1b2490cb9a4a3fbb84f8e296ea83b,"final-zenodo-publication-checkpoint","regenerated before GitHub checkpoint"
"historical_archive/pre_step5_repository/LSC_core/LSC_data/public_sources/arxiv/BEST_2201.07364.pdf","pdf","historical_archive","historical",d32e858507176cb0d09f39def99762740028f28d5068bde18ae372a04f84e642,"final-zenodo-publication-checkpoint","regenerated before GitHub checkpoint"
"historical_archive/pre_step5_repository/LSC_core/LSC_data/public_sources/arxiv/Gallium_Anomaly_2306.03299.pdf","pdf","historical_archive","historical",1d1bff4b588ed3cebb2d009c35002a724cab54fbbb380bdf2626bb035257b4e1,"final-zenodo-publication-checkpoint","regenerated before GitHub checkpoint"
"historical_archive/pre_step5_repository/LSC_core/LSC_data/public_sources/arxiv/Gallium_Anomaly_Critical_View_2209.00916.pdf","pdf","historical_archive","historical",08c2e2ad1a497da632c563826ee6dd90f37ca298180f73ee517217ad91f703e7,"final-zenodo-publication-checkpoint","regenerated before GitHub checkpoint"
"historical_archive/pre_step5_repository/LSC_core/LSC_data/public_sources/arxiv/Gallium_Anomaly_Revisited_1906.10980.pdf","pdf","historical_archive","historical",d81e89d9237fd6ed4c934df39cb25213a1b0f5bd2a4ec30f6c96e7cafb146a72,"final-zenodo-publication-checkpoint","regenerated before GitHub checkpoint"
"historical_archive/pre_step5_repository/LSC_core/LSC_data/public_sources/arxiv_txt/BEST_2109.11482.txt","txt","historical_archive","historical",5305fe1d057e75ef6d2d58c269dc2509e4c97ec96f7c4be0451f172f08fc7cf8,"final-zenodo-publication-checkpoint","regenerated before GitHub checkpoint"
"historical_archive/pre_step5_repository/LSC_core/LSC_data/public_sources/arxiv_txt/BEST_2201.07364.txt","txt","historical_archive","historical",ff10d0d7468d20274bf0853a0d9ec439e4389a1c6f2f4649eb4a075f648e3f96,"final-zenodo-publication-checkpoint","regenerated before GitHub checkpoint"
"historical_archive/pre_step5_repository/LSC_core/LSC_data/public_sources/arxiv_txt/Gallium_Anomaly_2306.03299.txt","txt","historical_archive","historical",e13a3407153cc51522b7198a7b7747e81fa7e41b0365bd1a0c8296dc2fb652bd,"final-zenodo-publication-checkpoint","regenerated before GitHub checkpoint"
"historical_archive/pre_step5_repository/LSC_core/LSC_data/public_sources/arxiv_txt/Gallium_Anomaly_Critical_View_2209.00916.txt","txt","historical_archive","historical",b5540abbd7706302f582307fdcb95284c2b1f95c6c8e72082407b0675460cef3,"final-zenodo-publication-checkpoint","regenerated before GitHub checkpoint"
"historical_archive/pre_step5_repository/LSC_core/LSC_data/public_sources/arxiv_txt/Gallium_Anomaly_Revisited_1906.10980.txt","txt","historical_archive","historical",29a9533d1d4c410071c22eac83c9b88ec84dd69f3014f224c11375684df42516,"final-zenodo-publication-checkpoint","regenerated before GitHub checkpoint"
"historical_archive/pre_step5_repository/LSC_core/LSC_data/public_sources/inspire/best_experiment_gallium.json","json","historical_archive","historical",090eab110189c4ba065c642af836219fa0ef71fbb59872035ff723bf6fa7f8af,"final-zenodo-publication-checkpoint","regenerated before GitHub checkpoint"
"historical_archive/pre_step5_repository/LSC_core/LSC_data/public_sources/inspire/gallium_anomaly_neutrino.json","json","historical_archive","historical",703a7ad8804f238abd6baa0ec919a1501603b54e657d14919b0e788028bf002d,"final-zenodo-publication-checkpoint","regenerated before GitHub checkpoint"
"historical_archive/pre_step5_repository/LSC_core/LSC_data/public_sources/nndc/71GA_p_n_refs.html","html","historical_archive","historical",c802f106b6421277e0573dcb6aaf94c96a9fa1f97ef53e19bf6cc658423e284e,"final-zenodo-publication-checkpoint","regenerated before GitHub checkpoint"
"historical_archive/pre_step5_repository/LSC_core/LSC_data/public_sources/nndc/71Ga_3He_t.pdf","pdf","historical_archive","historical",db83585023fdd80c3f381f46ae79f06411920fa840d13d82f6b3f72959b4e8df,"final-zenodo-publication-checkpoint","regenerated before GitHub checkpoint"
"historical_archive/pre_step5_repository/LSC_core/LSC_data/public_sources/nndc/71Ge_adopted.pdf","pdf","historical_archive","historical",01ba710bce2aa50b55b259c98c713889f9c8ea1be94e30332d75fa934516ac26,"final-zenodo-publication-checkpoint","regenerated before GitHub checkpoint"
"historical_archive/pre_step5_repository/LSC_core/LSC_data/public_sources/nndc/sigma_index.html","html","historical_archive","historical",d5dd9a2b5bdd6ec1105c463c0d66380000aab430438dc98a29dd493e4e65adad,"final-zenodo-publication-checkpoint","regenerated before GitHub checkpoint"
"historical_archive/pre_step5_repository/LSC_core/LSC_data/public_sources/zenodo/gallium_anomaly_best_records.json","json","historical_archive","historical",cbadfadc6dd2febb642eb68a56740d065128355a646ed0d09ee0d03b5bcf033a,"final-zenodo-publication-checkpoint","regenerated before GitHub checkpoint"
"historical_archive/pre_step5_repository/LSC_core/LSC_data/theoretical/ga71_cross_sections.csv","csv","historical_archive","historical",192c7fdaca7141526d38492f6d86b26e505911265f41dbe36b722319ccd93b56,"final-zenodo-publication-checkpoint","regenerated before GitHub checkpoint"
"historical_archive/pre_step5_repository/LSC_core/LSC_data/theoretical/nndc_ga71_notes.json","json","historical_archive","historical",1cfefb233ebc286c5d50c3e2ae75db4a023e64325f447e9d252ff5d8284ef45a,"final-zenodo-publication-checkpoint","regenerated before GitHub checkpoint"
"historical_archive/pre_step5_repository/LSC_core/README.md","md","historical_archive","historical",57b61075bf40fa7c8058e1c1d3ad0de4bf837ad9518811f8c0af828628a2e2bf,"final-zenodo-publication-checkpoint","regenerated before GitHub checkpoint"
"historical_archive/pre_step5_repository/LSC_core/arXiv last edition 13.05/README.md","md","historical_archive","historical",eea8e4f72a8060f47fe4a9cfe50e5ca91b210971be09052c8226e6e04f664665,"final-zenodo-publication-checkpoint","regenerated before GitHub checkpoint"
"historical_archive/pre_step5_repository/LSC_core/arXiv last edition 13.05/ostatnia_edycja_arxiv_clean_2026-05-13.zip","zip","historical_archive","historical",673683030fefcc9167ba54c855c9d55bf160550ffacd6f52d15435eb64be5e3b,"final-zenodo-publication-checkpoint","regenerated before GitHub checkpoint"
"historical_archive/pre_step5_repository/LSC_core/arXiv last edition 13.05/source/PACKAGE_LAST_EDITION.txt","txt","historical_archive","historical",717e8c3f320542cb3aea837747bb298d10c39a7e201be3d7632c8eaabab7cc05,"final-zenodo-publication-checkpoint","regenerated before GitHub checkpoint"
"historical_archive/pre_step5_repository/LSC_core/arXiv last edition 13.05/source/README_ARXIV_PACKAGE.txt","txt","historical_archive","historical",bd0334c5df99e4a785e5a82c4c00c7667a665d6cd91fdaf1a1518ade861e337c,"final-zenodo-publication-checkpoint","regenerated before GitHub checkpoint"
"historical_archive/pre_step5_repository/LSC_core/arXiv last edition 13.05/source/data/best_extraction_rates.csv","csv","historical_archive","historical",974894a2853a2da908b32c9f27788a1260bf8dc6dfb49af090cb9be47705f684,"final-zenodo-publication-checkpoint","regenerated before GitHub checkpoint"
"historical_archive/pre_step5_repository/LSC_core/arXiv last edition 13.05/source/data/data_notes.md","md","historical_archive","historical",2bce246d2c2d47971dfd22dba830734719b2972e7d0bb4994937b7266d3a5491,"final-zenodo-publication-checkpoint","regenerated before GitHub checkpoint"
"historical_archive/pre_step5_repository/LSC_core/arXiv last edition 13.05/source/data/gallium_source_summary.csv","csv","historical_archive","historical",68437e9978cf7220945e0a582f871d6dbbc56b5b313d25a1beb7711cd21d8001,"final-zenodo-publication-checkpoint","regenerated before GitHub checkpoint"
"historical_archive/pre_step5_repository/LSC_core/arXiv last edition 13.05/source/main.bbl","bbl","historical_archive","historical",9d25780cde8c5d604da39f5693263c20f410156156650e3929ac127a714b796d,"final-zenodo-publication-checkpoint","regenerated before GitHub checkpoint"
"historical_archive/pre_step5_repository/LSC_core/arXiv last edition 13.05/source/main.tex","tex","historical_archive","historical",54e4f8f6540a2dbd4aee6ec535c448c8374f63fa4664798f6d6284fc36f1a247,"final-zenodo-publication-checkpoint","regenerated before GitHub checkpoint"
"historical_archive/pre_step5_repository/LSC_core/arXiv last edition 13.05/source/outputs/model_comparison.csv","csv","historical_archive","historical",f4aab9daf583d345b1fd743096d17306a646e8a6267600d8d0d6ea07af72c339,"final-zenodo-publication-checkpoint","regenerated before GitHub checkpoint"
"historical_archive/pre_step5_repository/LSC_core/arXiv last edition 13.05/source/outputs/model_parameters.csv","csv","historical_archive","historical",bea6a9a0e9878ec2aa97402b897edd2547f9597a66da2cef1b12e4ab84dbe780,"final-zenodo-publication-checkpoint","regenerated before GitHub checkpoint"
"historical_archive/pre_step5_repository/LSC_core/arXiv last edition 13.05/source/outputs/residuals.csv","csv","historical_archive","historical",4f3f3e533b5523459f4c2d487ccb02cea8c8fc58cab0220602472b12d0468d7f,"final-zenodo-publication-checkpoint","regenerated before GitHub checkpoint"
"historical_archive/pre_step5_repository/LSC_core/arXiv last edition 13.05/source/outputs/validation_summary.md","md","historical_archive","historical",2067640c4fd941afb30ed2c74c56def25755eb7ca749682c82871ea35fd8ab53,"final-zenodo-publication-checkpoint","regenerated before GitHub checkpoint"
"historical_archive/pre_step5_repository/LSC_core/arXiv last edition 13.05/source/references.bib","bib","historical_archive","historical",d31365e46bd506ad2cd8a4387e1c02b8f7e49fdf411c784c0713330ada128c86,"final-zenodo-publication-checkpoint","regenerated before GitHub checkpoint"
"historical_archive/pre_step5_repository/LSC_core/arXiv last edition 13.05/source/scripts/validate_gallium_toy.py","py","historical_archive","historical",7c9b6d7230375ae006fa80582bdfa26011315020abdeb891e59ab1826640c814,"final-zenodo-publication-checkpoint","regenerated before GitHub checkpoint"
"historical_archive/pre_step5_repository/LSC_core/datasets/gallium-core/dataset.json","json","historical_archive","historical",492c499bddc09485b1fb272209e1ba4fa5270a5b02b54c671c666c3efcb126b4,"final-zenodo-publication-checkpoint","regenerated before GitHub checkpoint"
"historical_archive/pre_step5_repository/LSC_core/datasets/gallium-core/loader.py","py","historical_archive","historical",e5ee61965f6136ecbe3f6da7d7ad455d424d5fb2a1bf2c322bea77800338cfd4,"final-zenodo-publication-checkpoint","regenerated before GitHub checkpoint"
"historical_archive/pre_step5_repository/LSC_core/datasets/gallium-core/summary_report.md","md","historical_archive","historical",2a852f42dde70e123ec87290434f99d90454cd63c22991ffa974d8f029641f0c,"final-zenodo-publication-checkpoint","regenerated before GitHub checkpoint"
"historical_archive/pre_step5_repository/LSC_core/references/legacy/DsrkNeutrinoMath/README.md","md","historical_archive","historical",8b2c27c15488d376c2b1fc70781605ba5eaebaeb82284efdc1ab0c42c6a94ffd,"final-zenodo-publication-checkpoint","regenerated before GitHub checkpoint"
"historical_archive/pre_step5_repository/LSC_core/references/legacy/DsrkNeutrinoMath/docs/MathNeutrinoPBH.md","md","historical_archive","historical",290b0fb3fd3724cfa9c27c15f547cffb0635d1da1a8a240d80927d4199f2c816,"final-zenodo-publication-checkpoint","regenerated before GitHub checkpoint"
"historical_archive/pre_step5_repository/LSC_core/references/legacy/IIRM-LuciferSun/ASSESSMENT.md","md","historical_archive","historical",19b897db25c91d1f20f4d32189e84f5af249dbb7a99070e3a3792de7d548b7e5,"final-zenodo-publication-checkpoint","regenerated before GitHub checkpoint"
"historical_archive/pre_step5_repository/LSC_core/reproducibility/zenodo-checks/zenodo_19780616_lsc_6_0.json","json","historical_archive","historical",e754969bc5b58081317d4ad2a7b2b001356b820241aad11188de1c5c9083a186,"final-zenodo-publication-checkpoint","regenerated before GitHub checkpoint"
"historical_archive/pre_step5_repository/LSC_core/reproducibility/zenodo-checks/zenodo_19843361_lsc_v1_2_0.json","json","historical_archive","historical",5637fc99fe3c083f0ff10302398cec11f83c58fc26fd22c9fd6263af5ede62b0,"final-zenodo-publication-checkpoint","regenerated before GitHub checkpoint"
"historical_archive/pre_step5_repository/LSC_core/reproducibility/zenodo-checks/zenodo_19878587_lsc_6_2_0.json","json","historical_archive","historical",1328bade3aaf1f2323751c5e3c1e5d26cf4c36314b6356a6e685b6995310cc6e,"final-zenodo-publication-checkpoint","regenerated before GitHub checkpoint"
"historical_archive/pre_step5_repository/LSC_core/simulations/legacy/lsc55/LSC55_Final_Theory_2026-04-25.md","md","historical_archive","historical",6b177c44d3ebd97ad4c559cac67ab91d43e9f947d9af96f1196d83f8af275961,"final-zenodo-publication-checkpoint","regenerated before GitHub checkpoint"
"historical_archive/pre_step5_repository/LSC_core/simulations/legacy/lsc55/LSC55_Hard_Mathematics_2026-04-25.md","md","historical_archive","historical",bebf950d7cb93287fd5314f86e03e0201261fd0940145a47035cd68904f6be9d,"final-zenodo-publication-checkpoint","regenerated before GitHub checkpoint"
"historical_archive/pre_step5_repository/LSC_core/simulations/legacy/lsc55/lsc55_simulation.py","py","historical_archive","historical",66cc250775e5fb50f8acc801f81566ffc772d839eacb160305b681f589c1bab6,"final-zenodo-publication-checkpoint","regenerated before GitHub checkpoint"
"historical_archive/pre_step5_repository/LSC_core/simulations/legacy/lsc55/optimized_parameters.json","json","historical_archive","historical",cb8636b531413e76a076b3dc2641df3ea720dcc3ebaf62f6dbbbd21b13a046aa,"final-zenodo-publication-checkpoint","regenerated before GitHub checkpoint"
"historical_archive/pre_step5_repository/LSC_core/simulations/legacy/lsc55/parameters.json","json","historical_archive","historical",ca0f18fb8ccd91f0e15304dc0ef225a278ada8bfeb79ab40e01cb4824b7cc5f4,"final-zenodo-publication-checkpoint","regenerated before GitHub checkpoint"
"historical_archive/pre_step5_repository/LSC_core/simulations/legacy/lsc60/lsc60_gallium_response.csv","csv","historical_archive","historical",86a211136343e69d4d3c2b10a086d1731e0ee3ae87ced00c6c90edce30795a4a,"final-zenodo-publication-checkpoint","regenerated before GitHub checkpoint"
"historical_archive/pre_step5_repository/LSC_core/simulations/legacy/lsc60/lsc60_gallium_response.py","py","historical_archive","historical",1660ceaf2700c4c8f52c1c278619f3a8accd58a6018d14bb0c1861a874b48e8e,"final-zenodo-publication-checkpoint","regenerated before GitHub checkpoint"
"historical_archive/pre_step5_repository/LSC_core/simulations/legacy/lsc60/lsc60_gallium_response.svg","svg","historical_archive","historical",88d5c5ebddc237fc80fe7e97de14b8ca5f7c594d20bb524473d8fb2bed74425e,"final-zenodo-publication-checkpoint","regenerated before GitHub checkpoint"
"historical_archive/pre_step5_repository/LSC_core/simulations/legacy/neutrino-oscillations-pbh/LSC_4.2_ULTRA_REPORT.md","md","historical_archive","historical",d65dd197551cb5a5136b199dd13965e071e794ce2f412e125237acd497e8a01c,"final-zenodo-publication-checkpoint","regenerated before GitHub checkpoint"
"historical_archive/pre_step5_repository/LSC_core/simulations/legacy/neutrino-oscillations-pbh/README.md","md","historical_archive","historical",b8d35e32957f0d3b96c2070988fec69f97189d3002aa3df8e64f9f3912a7b188,"final-zenodo-publication-checkpoint","regenerated before GitHub checkpoint"
"historical_archive/pre_step5_repository/LSC_core/simulations/legacy/neutrino-oscillations-pbh/appendix/additional_material.tex","tex","historical_archive","historical",40b6b5995121fb1b928e3080afe50b35a707f710e5bc3cd51f59f6d8e81aa15a,"final-zenodo-publication-checkpoint","regenerated before GitHub checkpoint"
"historical_archive/pre_step5_repository/LSC_core/simulations/legacy/neutrino-oscillations-pbh/config/config.yaml","yaml","historical_archive","historical",89ff389f49dfeb7f70bd0999990d3576d7b633cbcb78e4b8456543c9abeba44c,"final-zenodo-publication-checkpoint","regenerated before GitHub checkpoint"
"historical_archive/pre_step5_repository/LSC_core/simulations/legacy/neutrino-oscillations-pbh/main.tex","tex","historical_archive","historical",d9ef67b2dc56e1a7a861c3f833f3e9d5715da6a6b1ba556d8d252b0a8d5362f1,"final-zenodo-publication-checkpoint","regenerated before GitHub checkpoint"
"historical_archive/pre_step5_repository/LSC_core/simulations/legacy/neutrino-oscillations-pbh/references.bib","bib","historical_archive","historical",c4f39b251a6c4e04b3c8566ea1e84cee74a2986274610be43e5f80d3cdd817af,"final-zenodo-publication-checkpoint","regenerated before GitHub checkpoint"
"historical_archive/pre_step5_repository/LSC_core/simulations/legacy/neutrino-oscillations-pbh/requirements.txt","txt","historical_archive","historical",e13491531df6eeb59d6420ef04d4b5651adec77439da3bccd7409e90f0988035,"final-zenodo-publication-checkpoint","regenerated before GitHub checkpoint"
"historical_archive/pre_step5_repository/LSC_core/simulations/legacy/neutrino-oscillations-pbh/src/analysis.py","py","historical_archive","historical",07a49421679d76991e3b23aa30d10252080a427d0aac6bf2ba7ea72e4116fc81,"final-zenodo-publication-checkpoint","regenerated before GitHub checkpoint"
"historical_archive/pre_step5_repository/LSC_core/simulations/legacy/neutrino-oscillations-pbh/src/lscc4_neutrino.py","py","historical_archive","historical",8b63cd670a391bc9dbb8abff7d92d9f2dde48d43b462e42788b97bad22020576,"final-zenodo-publication-checkpoint","regenerated before GitHub checkpoint"
"historical_archive/pre_step5_repository/LSC_core/simulations/legacy/neutrino-oscillations-pbh/src/main_example.py","py","historical_archive","historical",63d86a965a9af9300cb09eb7b8cb75f5b61659d727b377c4d5ffe8e4774f2030,"final-zenodo-publication-checkpoint","regenerated before GitHub checkpoint"
"historical_archive/pre_step5_repository/LSC_core/simulations/legacy/neutrino-oscillations-pbh/src/params.py","py","historical_archive","historical",90da0d5699e1a33e8fedc8751a5b4fc5ff1115af2cf980c76d548dbd2c6d4969,"final-zenodo-publication-checkpoint","regenerated before GitHub checkpoint"
"historical_archive/pre_step5_repository/LSC_core/theory/LSC-6.3.0/LSC_6_3_0_PUBLISHED.md","md","historical_archive","historical",2286fc83d6974c25e48c0ab9b9d70f0eb63fd38672abf8f88003945bf4eb3f34,"final-zenodo-publication-checkpoint","regenerated before GitHub checkpoint"
"historical_archive/pre_step5_repository/LSC_core/theory/LSC-6.3.0/LSC_6_3_0_UNIFIED_BEST2_UPDATE.md","md","historical_archive","historical",ea5c547940b5b6f812c48ed4cea264c46ea0140024aa62a0cd6b947ae1143722,"final-zenodo-publication-checkpoint","regenerated before GitHub checkpoint"
"historical_archive/pre_step5_repository/LSC_core/theory/LSC-6.3.0/LSC_6_3_0_UNIFIED_BEST2_UPDATE.pdf","pdf","historical_archive","historical",0e5ecbbdb92a78b6b18260a203956dedbb4726955061f1ae7651a91d45f0a65d,"final-zenodo-publication-checkpoint","regenerated before GitHub checkpoint"
"historical_archive/pre_step5_repository/LSC_core/theory/LSC-6.3.0/LSC_6_3_0_unified_zenodo_package.zip","zip","historical_archive","historical",347f8bfe2d4106050c90c2734708040fda173d438f1b07cc2eb820ca83673a60,"final-zenodo-publication-checkpoint","regenerated before GitHub checkpoint"
"historical_archive/pre_step5_repository/LSC_core/theory/LSC-6.3.0/ZENODO_UNIFICATION_PLAN.md","md","historical_archive","historical",bef4841473006eb201b99cceaba79424f471f4aca98aec1f7c06425e5137ab98,"final-zenodo-publication-checkpoint","regenerated before GitHub checkpoint"
"historical_archive/pre_step5_repository/LSC_core/theory/LSC-6.3.0/ZENODO_UPLOAD_20038802_FORM_FIELDS.md","md","historical_archive","historical",21e9afdb9ff363d8068916af317a31b5f84829959ffab57076c8aa30c9f53565,"final-zenodo-publication-checkpoint","regenerated before GitHub checkpoint"
"historical_archive/pre_step5_repository/LSC_core/theory/LSC-6.3.0/zenodo_6_3_0_metadata.json","json","historical_archive","historical",9e5d6ec9ec639d13bdadc9af08a418fd54b4ba5176fe1f98d351c2641c2aed70,"final-zenodo-publication-checkpoint","regenerated before GitHub checkpoint"
"historical_archive/pre_step5_repository/LSC_core/theory/LSC-6.3.0/zenodo_update_20038802.py","py","historical_archive","historical",37d18d302a718c142bb1fef01e0096e736f5cf9685f5d6796445038d4568d59d,"final-zenodo-publication-checkpoint","regenerated before GitHub checkpoint"
"historical_archive/pre_step5_repository/LSC_core/validation/LSC-6.2.1-codex/README.md","md","historical_archive","historical",566a175ed109aa38cf28f59b43782bc3cb0cbad412fda6920e20e18d481f8b40,"final-zenodo-publication-checkpoint","regenerated before GitHub checkpoint"
"historical_archive/pre_step5_repository/LSC_core/validation/LSC-6.2.1-codex/build.py","py","historical_archive","historical",6fb0f6068a21d8cb0b62f31a5b03828096fd87a8e91db2c53012cbe7836d1a88,"final-zenodo-publication-checkpoint","regenerated before GitHub checkpoint"
"historical_archive/pre_step5_repository/LSC_core/validation/LSC-6.2.1-codex/lsc621/__init__.py","py","historical_archive","historical",5854a644fe45a4b2306e0d3953f2290050d8e4898a28e31f10aee0c791d33d25,"final-zenodo-publication-checkpoint","regenerated before GitHub checkpoint"
"historical_archive/pre_step5_repository/LSC_core/validation/LSC-6.2.1-codex/lsc621/data.py","py","historical_archive","historical",aa0aee3eafdb0f8a6a8de34357116e702d9c8c5b97df27fa146475c4d843c10b,"final-zenodo-publication-checkpoint","regenerated before GitHub checkpoint"
"historical_archive/pre_step5_repository/LSC_core/validation/LSC-6.2.1-codex/lsc621/model.py","py","historical_archive","historical",0bd0bcdb39adbe2ec472bc0dfa6b41fbb4ad3b8119c19e8df05a0e91c5f9449d,"final-zenodo-publication-checkpoint","regenerated before GitHub checkpoint"
"historical_archive/pre_step5_repository/LSC_core/validation/LSC-6.2.1-codex/lsc621/report.py","py","historical_archive","historical",5efbd152a048f3d806369a2288359f4639e8e9d0e66256a7328f6ba4587c4ee7,"final-zenodo-publication-checkpoint","regenerated before GitHub checkpoint"
"historical_archive/pre_step5_repository/LSC_core/validation/LSC-6.2.1-codex/out/analysis.json","json","historical_archive","historical",ce78591a549bb5edcee63762d711864785080b67d801a8c749e91a3a3b8f5dc8,"final-zenodo-publication-checkpoint","regenerated before GitHub checkpoint"
"historical_archive/pre_step5_repository/LSC_core/validation/LSC-6.2.1-codex/out/loo.csv","csv","historical_archive","historical",47a776ccf31db9c75e0d835cd2cc5e103d96b70d43d0c449ca89ee66d6a8fcb6,"final-zenodo-publication-checkpoint","regenerated before GitHub checkpoint"
"historical_archive/pre_step5_repository/LSC_core/validation/LSC-6.2.1-codex/out/lsc_6_2_1_codex_report.aux","aux","historical_archive","historical",96b24020458cf922be1588cab2b9b2245c355b21822097d37335e5735e9078f5,"final-zenodo-publication-checkpoint","regenerated before GitHub checkpoint"
"historical_archive/pre_step5_repository/LSC_core/validation/LSC-6.2.1-codex/out/lsc_6_2_1_codex_report.log","log","historical_archive","historical",41ba1e02d20751ce6696b199fdff0cc2a03c9e1ac6fa803936624402b09261bd,"final-zenodo-publication-checkpoint","regenerated before GitHub checkpoint"
"historical_archive/pre_step5_repository/LSC_core/validation/LSC-6.2.1-codex/out/lsc_6_2_1_codex_report.out","out","historical_archive","historical",e3b0c44298fc1c149afbf4c8996fb92427ae41e4649b934ca495991b7852b855,"final-zenodo-publication-checkpoint","regenerated before GitHub checkpoint"
"historical_archive/pre_step5_repository/LSC_core/validation/LSC-6.2.1-codex/out/lsc_6_2_1_codex_report.pdf","pdf","historical_archive","historical",2b0f20c449d1c01ca5ecc9b98ca0ea271e9a62725bb3bb1f84c87ce17b49943b,"final-zenodo-publication-checkpoint","regenerated before GitHub checkpoint"
"historical_archive/pre_step5_repository/LSC_core/validation/LSC-6.2.1-codex/out/lsc_6_2_1_codex_report.tex","tex","historical_archive","historical",31d30835f8eea606ae51b473ddc02bfe74b79b64b1899e3e2e98845ccb4e80fe,"final-zenodo-publication-checkpoint","regenerated before GitHub checkpoint"
"historical_archive/pre_step5_repository/LSC_core/validation/LSC-6.2.1-codex/out/observations.csv","csv","historical_archive","historical",fed86149f1432c6e504e88943de05321a340d2ead29a57679c76fbeb7d52bfe6,"final-zenodo-publication-checkpoint","regenerated before GitHub checkpoint"
"historical_archive/pre_step5_repository/LSC_core/validation/LSC-6.2.1-codex/out/predictions.csv","csv","historical_archive","historical",872d3643d86e35a858c30f37e95a886e2d443a9e1e4eee2f456dca7ed28cf0db,"final-zenodo-publication-checkpoint","regenerated before GitHub checkpoint"
"historical_archive/pre_step5_repository/LSC_core/validation/LSC-6.2.1-codex/out/report.md","md","historical_archive","historical",c6c06abfbf113bcd54cf040e37da80b05bb09631a570b4684874c317a0bb9fbd,"final-zenodo-publication-checkpoint","regenerated before GitHub checkpoint"
"historical_archive/pre_step5_repository/LSC_core/validation/LSC-6.2.1-codex/sources.md","md","historical_archive","historical",85a03ad4dc9635fd7cbae5d24c65c7e862bd22df80f472363b3c221b0e9a1b6b,"final-zenodo-publication-checkpoint","regenerated before GitHub checkpoint"
"historical_archive/pre_step5_repository/LSC_core/validation/LSC-6.2.1-codex/tests/test_lsc621.py","py","historical_archive","historical",123cb945fa99e395f200be3ec51b8852a623d17a21f145d26d82e89a03f08c78,"final-zenodo-publication-checkpoint","regenerated before GitHub checkpoint"
"historical_archive/pre_step5_repository/ROOT_README_PRE_STEP5.md","md","historical_archive","historical",209bfafe9d5044c21f68089e7b48a9998899485c59d0aec6af1a2ab9e602fc67,"final-zenodo-publication-checkpoint","regenerated before GitHub checkpoint"
"historical_archive/pre_step5_repository/archive/quarantine/README.md","md","historical_archive","historical",82f2c204adbf2bfbe2b7d390b8e719e6542a4e983d36913a4d0ed1b87bc8a082,"final-zenodo-publication-checkpoint","regenerated before GitHub checkpoint"
"historical_archive/pre_step5_repository/docs_pre_step5/ARCHIVE_BOUNDARY.md","md","historical_archive","historical",f5dda1d9ae1c04f4b466c5bb410f32638775c78ca4f7d118c1b6f3b3719a3c6d,"final-zenodo-publication-checkpoint","regenerated before GitHub checkpoint"
"historical_archive/pre_step5_repository/docs_pre_step5/GIT_HISTORY_CONTINUATION_PLAN.md","md","historical_archive","historical",0d3a6de26458e599ce4de20f85ce8ea17528fccfc7e843a565398a29d3005e42,"final-zenodo-publication-checkpoint","regenerated before GitHub checkpoint"
"historical_archive/pre_step5_repository/docs_pre_step5/LINEAGE_MAP.md","md","historical_archive","historical",8b0e6eaed7c99db012c0dceeab250a1cfb0d168ab4532ea8d4212788e646f16d,"final-zenodo-publication-checkpoint","regenerated before GitHub checkpoint"
"historical_archive/pre_step5_repository/docs_pre_step5/README.md","md","historical_archive","historical",c124498d25927851de5a771d08a7d41a6d47b2e61cc6ded2e9f23359d55a443b,"final-zenodo-publication-checkpoint","regenerated before GitHub checkpoint"
"historical_archive/pre_step5_repository/framework/baselines/__init__.py","py","historical_archive","historical",2f60b3df4a88770fdb4c01efd118ba9c147d247ba1580be294b1aec4dfbf3886,"final-zenodo-publication-checkpoint","regenerated before GitHub checkpoint"
"historical_archive/pre_step5_repository/framework/baselines/null_model.py","py","historical_archive","historical",a495f5f3910234e210ca5b9bd34929543dde10680e2d80eeb73846ca1e296655,"final-zenodo-publication-checkpoint","regenerated before GitHub checkpoint"
"historical_archive/pre_step5_repository/framework/baselines/sterile_baseline.py","py","historical_archive","historical",bce320bf8b5c8ad797a207da9a8926d441aa3c5aceda7f744823d6288b5e70e6,"final-zenodo-publication-checkpoint","regenerated before GitHub checkpoint"
"historical_archive/pre_step5_repository/framework/data/raw/gallium_core_dataset.json","json","historical_archive","historical",492c499bddc09485b1fb272209e1ba4fa5270a5b02b54c671c666c3efcb126b4,"final-zenodo-publication-checkpoint","regenerated before GitHub checkpoint"
"historical_archive/pre_step5_repository/framework/data/raw/gallium_schema_placeholder.json","json","historical_archive","historical",d4ea645f425b3b34fff7bab16b99d74c28680c9ee48abc14fdedd2b4bd06a88b,"final-zenodo-publication-checkpoint","regenerated before GitHub checkpoint"
"historical_archive/pre_step5_repository/framework/likelihood/chi2.py","py","historical_archive","historical",819b99bb2b6ae8553520022e00feb1d4bf3da5aefeed576bdd97fefb14929695,"final-zenodo-publication-checkpoint","regenerated before GitHub checkpoint"
"historical_archive/pre_step5_repository/framework/loaders/gallium_loader.py","py","historical_archive","historical",c2d7ffc6b21fc16ee10196ded20dd79abd0c26a4ad9871e47d0cf4ea0dba143f,"final-zenodo-publication-checkpoint","regenerated before GitHub checkpoint"
"historical_archive/pre_step5_repository/framework/models/lsc_exploratory.py","py","historical_archive","historical",e3893b41ee0d26de3b0a2851b5991de8036f1cb288218c3bf031036a1b58933f,"final-zenodo-publication-checkpoint","regenerated before GitHub checkpoint"
"historical_archive/pre_step5_repository/framework/notebooks/gallium_baseline_template.ipynb","ipynb","historical_archive","historical",d8edc772aba67e212e3e61f651ee4ca7bf67a49ea35bc0ce731fa4bd2c49c4e9,"final-zenodo-publication-checkpoint","regenerated before GitHub checkpoint"
"historical_archive/pre_step5_repository/framework/papers/LSC_6_3_0_UNIFIED_BEST2_UPDATE.pdf","pdf","historical_archive","historical",0e5ecbbdb92a78b6b18260a203956dedbb4726955061f1ae7651a91d45f0a65d,"final-zenodo-publication-checkpoint","regenerated before GitHub checkpoint"
"historical_archive/pre_step5_repository/framework/scripts/framework/run_baselines.py","py","historical_archive","historical",781c1c6dff2feb9b906aef5bbec7d738a551d78eb94e844e4d4c38d4622cc9a3,"final-zenodo-publication-checkpoint","regenerated before GitHub checkpoint"
"historical_archive/pre_step5_repository/framework/scripts/framework/run_checks.sh","sh","historical_archive","historical",988ab65bd0c249f436ec6ee4f96cb170ff2543c333accf0ca42f5d69a7cd6214,"final-zenodo-publication-checkpoint","regenerated before GitHub checkpoint"
"historical_archive/pre_step5_repository/framework/tests/test_baselines.py","py","historical_archive","historical",ff6e2bb67230118c2047ff705d710266012cc225ccdbbc606c133b5ecd3fdc21,"final-zenodo-publication-checkpoint","regenerated before GitHub checkpoint"
"historical_archive/pre_step5_repository/legacy/LSC-6.0/.zenodo.json","json","historical_archive","historical",ce992224c3273f39f589162bec59e1437323ed911cf4e0188ae1450e5327f34a,"final-zenodo-publication-checkpoint","regenerated before GitHub checkpoint"
"historical_archive/pre_step5_repository/legacy/LSC-6.0/CITATION.cff","cff","historical_archive","historical",34fdf8b36a58eb6617438391d15404736c38109bf46ddfd95d56f8076d0dd0e8,"final-zenodo-publication-checkpoint","regenerated before GitHub checkpoint"
"historical_archive/pre_step5_repository/legacy/LSC-6.0/LICENSE","none","historical_archive","historical",736a33dc5d76e948bfc04cff0c4ec979c3c3b529ce251f23ae82ff6369446802,"final-zenodo-publication-checkpoint","regenerated before GitHub checkpoint"
"historical_archive/pre_step5_repository/legacy/LSC-6.0/archive/LSC55_ARCHIVE_MANIFEST.md","md","historical_archive","historical",bc5808b15b60ae3e8324c7906e7d99ba10776e4edaa111460d89aaa2056f5071,"final-zenodo-publication-checkpoint","regenerated before GitHub checkpoint"
"historical_archive/pre_step5_repository/legacy/LSC-6.0/archive/LSC55_FINAL_ARCHIVE_2026-04-25.zip","zip","historical_archive","historical",8d0534b68ca55eaba70a84665b26815a85ab4ef73981ee309b602b0279eef5f4,"final-zenodo-publication-checkpoint","regenerated before GitHub checkpoint"
"historical_archive/pre_step5_repository/legacy/LSC-6.0/docs/THEORY_LSC_6_0.md","md","historical_archive","historical",44b800f1984e83c7c94200a7438eb99dc6ddbe34e4f4c582bfe9549027249d6f,"final-zenodo-publication-checkpoint","regenerated before GitHub checkpoint"
"historical_archive/pre_step5_repository/legacy/LSC-6.0/docs/VERSION_HISTORY.md","md","historical_archive","historical",a4382bfaba1dbe5e578fcafaf98ac390d954f174095255021a176c2ef0ddaf54,"final-zenodo-publication-checkpoint","regenerated before GitHub checkpoint"
"historical_archive/pre_step5_repository/legacy/LSC-6.0/docs/ZENODO_LINKS.md","md","historical_archive","historical",615718a80fa5fd26861c064b55b5c956feb070bd864fa9b3c9352feb64ebfa5d,"final-zenodo-publication-checkpoint","regenerated before GitHub checkpoint"
"historical_archive/pre_step5_repository/legacy/LSC-6.0/docs/external_reviews/01_Gemini_Analysis_Neutrino_Phenomenology.md","md","historical_archive","historical",05043e3be732c0b40a56fa68682be2f7e60a1c8548d60631c5ffead62e7fe3b1,"final-zenodo-publication-checkpoint","regenerated before GitHub checkpoint"
"historical_archive/pre_step5_repository/legacy/LSC-6.0/docs/external_reviews/02_Gemini_Analysis_Errata_Measurement_Framework.md","md","historical_archive","historical",90835e0bfedb7ac13a076eefc39283353db4c98ceaa43a03411b90a2bcbfe8e9,"final-zenodo-publication-checkpoint","regenerated before GitHub checkpoint"
"historical_archive/pre_step5_repository/legacy/LSC-6.0/docs/external_reviews/LSC_6.0_Gemini_Interpretation_v2-1.pdf","pdf","historical_archive","historical",3430a1cbe5831b92d38a1d931db243fb96ed6e77b0675c930fbc96d27c87f1c3,"final-zenodo-publication-checkpoint","regenerated before GitHub checkpoint"
"historical_archive/pre_step5_repository/legacy/LSC-6.0/docs/external_reviews/LSC_6.0_Measurement_Framework.pdf","pdf","historical_archive","historical",46cd5fdb419dfd939a462649aba028510f73fbe8eacc622ce19fc3ebc21a2f00,"final-zenodo-publication-checkpoint","regenerated before GitHub checkpoint"
"historical_archive/pre_step5_repository/legacy/LSC-6.0/docs/external_reviews/README.md","md","historical_archive","historical",dd31a5f62c8068f91458da50fce23fcc06524993f63b3237d180816162f7de5e,"final-zenodo-publication-checkpoint","regenerated before GitHub checkpoint"
"historical_archive/pre_step5_repository/legacy/LSC-6.0/release/LSC60_ARXIV.pdf","pdf","historical_archive","historical",5e19f7ff293e8d1ea7e014e21fb14360990f2dcf242ac20269946692424e72b6,"final-zenodo-publication-checkpoint","regenerated before GitHub checkpoint"
"historical_archive/pre_step5_repository/legacy/LSC-6.0/release/LSC60_ZENODO_RELEASE.pdf","pdf","historical_archive","historical",ba4d073673b1fba33acc9f6a93bdaca85c4145ad91eb43e870011a265358da1e,"final-zenodo-publication-checkpoint","regenerated before GitHub checkpoint"
"historical_archive/pre_step5_repository/legacy/LSC-6.0/release/LSC60_ZENODO_RELEASE_PACKAGE.zip","zip","historical_archive","historical",228bceec8ebb510d57d465c3a248ac6c7f0f45e2c10ecd985230a7d4568fff81,"final-zenodo-publication-checkpoint","regenerated before GitHub checkpoint"
"historical_archive/pre_step5_repository/legacy/LSC-6.0/release/LSC_v1.2.0_release.zip","zip","historical_archive","historical",abdf0c43ec9ff5be0714ab43ae27305c713818d89b4f5f1e85e93522ff0773f4,"final-zenodo-publication-checkpoint","regenerated before GitHub checkpoint"
"historical_archive/pre_step5_repository/legacy/LSC-6.0/releases/LSC_6.2.0_preprint/BUILD_LOG.md","md","historical_archive","historical",57290fa0a8118847da1f097ac5d2b7e4092c1fab21b4ef399f0ae6c10183c6c6,"final-zenodo-publication-checkpoint","regenerated before GitHub checkpoint"
"historical_archive/pre_step5_repository/legacy/LSC-6.0/releases/LSC_6.2.0_preprint/CHANGELOG_LSC_6_2_0.md","md","historical_archive","historical",f630b52b14dc24372aa8b27ac24bcc376ba11123f0de05a30da6079903018a10,"final-zenodo-publication-checkpoint","regenerated before GitHub checkpoint"
"historical_archive/pre_step5_repository/legacy/LSC-6.0/releases/LSC_6.2.0_preprint/PUBLISHED.md","md","historical_archive","historical",8d1c4bf50005cc5a5b74c924a487282dddf075db6e1237cd75cb59a81bca5e5e,"final-zenodo-publication-checkpoint","regenerated before GitHub checkpoint"
"historical_archive/pre_step5_repository/legacy/LSC-6.0/releases/LSC_6.2.0_preprint/README.md","md","historical_archive","historical",253674bc0e03b2c9439c80d2231bf8e78c3a847b5933aadbc73edd40878db6ae,"final-zenodo-publication-checkpoint","regenerated before GitHub checkpoint"
"historical_archive/pre_step5_repository/legacy/LSC-6.0/releases/LSC_6.2.0_preprint/SOURCE_NOTES.txt","txt","historical_archive","historical",f1ccd8201d103e1f589e00ac86169632f902388fdf57040ee72529e4e3a042ad,"final-zenodo-publication-checkpoint","regenerated before GitHub checkpoint"
"historical_archive/pre_step5_repository/legacy/LSC-6.0/releases/LSC_6.2.0_preprint/figures/LSC_6_2_0_model_map.png","png","historical_archive","historical",bc0915bfe97412e55c2f49241ae1c39c768eb2aee42661e7d2521827c8295e11,"final-zenodo-publication-checkpoint","regenerated before GitHub checkpoint"
"historical_archive/pre_step5_repository/legacy/LSC-6.0/releases/LSC_6.2.0_preprint/figures/LSC_6_2_0_social_preview.png","png","historical_archive","historical",c03bfc810c0ec60ec8fb0b89d7df3160482f3238e2d682622156b54acca390d9,"final-zenodo-publication-checkpoint","regenerated before GitHub checkpoint"
"historical_archive/pre_step5_repository/legacy/LSC-6.0/releases/LSC_6.2.0_preprint/metadata/CITATION.cff","cff","historical_archive","historical",a3c8e87ff56846ab2660713e43c005ff24def111f3079ed5753f909ddc1943c8,"final-zenodo-publication-checkpoint","regenerated before GitHub checkpoint"
"historical_archive/pre_step5_repository/legacy/LSC-6.0/releases/LSC_6.2.0_preprint/metadata/ZENODO_UPLOAD_NOTES.md","md","historical_archive","historical",0f686426086eb0a8f0c13c4e043038aaa8061fdfff43af7f3e170da708522ab4,"final-zenodo-publication-checkpoint","regenerated before GitHub checkpoint"
"historical_archive/pre_step5_repository/legacy/LSC-6.0/releases/LSC_6.2.0_preprint/metadata/zenodo.json","json","historical_archive","historical",6142d39ad408c5bee65ad0ca8596cdac3549fa2b4b7d153613b94c0ca70e2426,"final-zenodo-publication-checkpoint","regenerated before GitHub checkpoint"
"historical_archive/pre_step5_repository/legacy/LSC-6.0/releases/LSC_6.2.0_preprint/paper/LSC_6_2_0_preprint.pdf","pdf","historical_archive","historical",4229922d3202ed9b6bba050efb7fc9eb14a673fb960c35c8cec70b26fb893b77,"final-zenodo-publication-checkpoint","regenerated before GitHub checkpoint"
"historical_archive/pre_step5_repository/legacy/LSC-6.0/releases/LSC_6.2.0_preprint/source/LSC_6_2_0_arxiv_source.zip","zip","historical_archive","historical",2352042388d3609e859a17fd05f9e0952c6dd508ba1d6a8dca83a619d19ce374,"final-zenodo-publication-checkpoint","regenerated before GitHub checkpoint"
"historical_archive/pre_step5_repository/legacy/LSC-6.0/releases/LSC_6.2.0_preprint/source/main.tex","tex","historical_archive","historical",7a4f85c49886d3654d01f0bb9a8fbbbd1d39db0bf2101e1a41889740c727b97c,"final-zenodo-publication-checkpoint","regenerated before GitHub checkpoint"
"historical_archive/pre_step5_repository/legacy/LSC-6.0/releases/LSC_v1.2.0_release/README.md","md","historical_archive","historical",47a6970b8ba5f3f57a7f134f8a465a202a190c3c8bc00999f4fa7cd910066ca2,"final-zenodo-publication-checkpoint","regenerated before GitHub checkpoint"
"historical_archive/pre_step5_repository/legacy/LSC-6.0/releases/LSC_v1.2.0_release/code/plot_results.py","py","historical_archive","historical",8202014d16c939a1092d0d6b28152c674417bf7c9f9f88f1ac333064906a16d6,"final-zenodo-publication-checkpoint","regenerated before GitHub checkpoint"
"historical_archive/pre_step5_repository/legacy/LSC-6.0/releases/LSC_v1.2.0_release/code/simulation.py","py","historical_archive","historical",f1d36824ada9ed0d34e50b3e989dfc481b15d11497128caa7fc453cbd91c5c16,"final-zenodo-publication-checkpoint","regenerated before GitHub checkpoint"
"historical_archive/pre_step5_repository/legacy/LSC-6.0/releases/LSC_v1.2.0_release/code/simulation_output.json","json","historical_archive","historical",f25916449ca85c05ef20705c46624cee8ac194bad0fc12dc606c20a8bc4be1b6,"final-zenodo-publication-checkpoint","regenerated before GitHub checkpoint"
"historical_archive/pre_step5_repository/legacy/LSC-6.0/releases/LSC_v1.2.0_release/figures/lsc_potential.png","png","historical_archive","historical",d5c69c386ab1f7f8946dd56229430e0a726e83466d6ca86f7c6cbcf32cc21c98,"final-zenodo-publication-checkpoint","regenerated before GitHub checkpoint"
"historical_archive/pre_step5_repository/legacy/LSC-6.0/releases/LSC_v1.2.0_release/figures/resonance_plot.png","png","historical_archive","historical",1ea9649333d4943aa929be6690d8424becf8c486a5ec0a9ae0d8ee605efca6f8,"final-zenodo-publication-checkpoint","regenerated before GitHub checkpoint"
"historical_archive/pre_step5_repository/legacy/LSC-6.0/releases/LSC_v1.2.0_release/metadata/CITATION.cff","cff","historical_archive","historical",cfcae1077daaae2d0957777a59ea4d533f26c533367f0e41183aece7710c7b19,"final-zenodo-publication-checkpoint","regenerated before GitHub checkpoint"
"historical_archive/pre_step5_repository/legacy/LSC-6.0/releases/LSC_v1.2.0_release/metadata/zenodo_metadata.json","json","historical_archive","historical",16dda77935e3e2753922c5945b57352c0c8b86a744c9e58aa45fd571e7f48844,"final-zenodo-publication-checkpoint","regenerated before GitHub checkpoint"
"historical_archive/pre_step5_repository/legacy/LSC-6.0/releases/LSC_v1.2.0_release/paper/LSC_v1.2.0.pdf","pdf","historical_archive","historical",b04e1a1dbcd736d8e31a1d3a1cfc0bd8e9e8db9e43fea8aa1fc5f762f37acdf8,"final-zenodo-publication-checkpoint","regenerated before GitHub checkpoint"
"historical_archive/pre_step5_repository/legacy/LSC-6.0/releases/LSC_v1.2.0_release/paper/LSC_v1.2.0.tex","tex","historical_archive","historical",511692f38589fa9799743a484a62ead570093a54000ad31245dbc4e1ed4c4ca1,"final-zenodo-publication-checkpoint","regenerated before GitHub checkpoint"
"historical_archive/pre_step5_repository/legacy/LSC-6.0/releases/LSC_v1.2.0_release/updates/CHANGELOG.md","md","historical_archive","historical",876c2448ad23dfe4e506c9dda6200c4f7baf78f600c9e17447a1a86f72ca4db1,"final-zenodo-publication-checkpoint","regenerated before GitHub checkpoint"
"historical_archive/pre_step5_repository/legacy/LSC-6.0/releases/LSC_v1.2.0_release/updates/RELEASE_NOTES.md","md","historical_archive","historical",36faf2a3078ede24c0bbb98b2cfeabb99790fdf6162d62dd5be7eb50ef100eb0,"final-zenodo-publication-checkpoint","regenerated before GitHub checkpoint"
"historical_archive/pre_step5_repository/legacy/LSC-6.0/requirements.txt","txt","historical_archive","historical",68d0abdcaa379b6688cc7d7ca09df79fc36e345dd48156ccecf8f6773d4e369b,"final-zenodo-publication-checkpoint","regenerated before GitHub checkpoint"
"historical_archive/pre_step5_repository/legacy/LSC-6.0/simulations/lsc60_gallium_response.py","py","historical_archive","historical",1660ceaf2700c4c8f52c1c278619f3a8accd58a6018d14bb0c1861a874b48e8e,"final-zenodo-publication-checkpoint","regenerated before GitHub checkpoint"
"historical_archive/pre_step5_repository/legacy/LSC-6.0/simulations/outputs/lsc60_gallium_response.csv","csv","historical_archive","historical",86a211136343e69d4d3c2b10a086d1731e0ee3ae87ced00c6c90edce30795a4a,"final-zenodo-publication-checkpoint","regenerated before GitHub checkpoint"
"historical_archive/pre_step5_repository/legacy/LSC-6.0/simulations/outputs/lsc60_gallium_response.svg","svg","historical_archive","historical",88d5c5ebddc237fc80fe7e97de14b8ca5f7c594d20bb524473d8fb2bed74425e,"final-zenodo-publication-checkpoint","regenerated before GitHub checkpoint"
"historical_archive/pre_step5_repository/legacy/neutrino-oscillations-pbh/LSC_4.2_ULTRA_REPORT.md","md","historical_archive","historical",d65dd197551cb5a5136b199dd13965e071e794ce2f412e125237acd497e8a01c,"final-zenodo-publication-checkpoint","regenerated before GitHub checkpoint"
"historical_archive/pre_step5_repository/legacy/neutrino-oscillations-pbh/README.md","md","historical_archive","historical",71a566c8bf92511ae1a7da41d5f3b9fa3a680a8a1792eb238857640baef91917,"final-zenodo-publication-checkpoint","regenerated before GitHub checkpoint"
"historical_archive/pre_step5_repository/legacy/neutrino-oscillations-pbh/appendix/additional_material.tex","tex","historical_archive","historical",40b6b5995121fb1b928e3080afe50b35a707f710e5bc3cd51f59f6d8e81aa15a,"final-zenodo-publication-checkpoint","regenerated before GitHub checkpoint"
"historical_archive/pre_step5_repository/legacy/neutrino-oscillations-pbh/config/config.yaml","yaml","historical_archive","historical",89ff389f49dfeb7f70bd0999990d3576d7b633cbcb78e4b8456543c9abeba44c,"final-zenodo-publication-checkpoint","regenerated before GitHub checkpoint"
"historical_archive/pre_step5_repository/legacy/neutrino-oscillations-pbh/main.tex","tex","historical_archive","historical",d9ef67b2dc56e1a7a861c3f833f3e9d5715da6a6b1ba556d8d252b0a8d5362f1,"final-zenodo-publication-checkpoint","regenerated before GitHub checkpoint"
"historical_archive/pre_step5_repository/legacy/neutrino-oscillations-pbh/references.bib","bib","historical_archive","historical",c4f39b251a6c4e04b3c8566ea1e84cee74a2986274610be43e5f80d3cdd817af,"final-zenodo-publication-checkpoint","regenerated before GitHub checkpoint"
"historical_archive/pre_step5_repository/legacy/neutrino-oscillations-pbh/requirements.txt","txt","historical_archive","historical",e13491531df6eeb59d6420ef04d4b5651adec77439da3bccd7409e90f0988035,"final-zenodo-publication-checkpoint","regenerated before GitHub checkpoint"
"historical_archive/pre_step5_repository/legacy/neutrino-oscillations-pbh/src/analysis.py","py","historical_archive","historical",07a49421679d76991e3b23aa30d10252080a427d0aac6bf2ba7ea72e4116fc81,"final-zenodo-publication-checkpoint","regenerated before GitHub checkpoint"
"historical_archive/pre_step5_repository/legacy/neutrino-oscillations-pbh/src/lscc4_neutrino.py","py","historical_archive","historical",98c518891a6e060b6ecb74b0cb6190f140b7499e317eb0a66fed48b6e273249f,"final-zenodo-publication-checkpoint","regenerated before GitHub checkpoint"
"historical_archive/pre_step5_repository/legacy/neutrino-oscillations-pbh/src/main_example.py","py","historical_archive","historical",bc10d995b18555be1855da1763f4458dffef714d0d9c2f126ac48586ac65d6f8,"final-zenodo-publication-checkpoint","regenerated before GitHub checkpoint"
"historical_archive/pre_step5_repository/legacy/neutrino-oscillations-pbh/src/params.py","py","historical_archive","historical",90da0d5699e1a33e8fedc8751a5b4fc5ff1115af2cf980c76d548dbd2c6d4969,"final-zenodo-publication-checkpoint","regenerated before GitHub checkpoint"
"historical_archive/pre_step5_repository/reports/GALLIUM_SOURCE_SUMMARY.md","md","historical_archive","historical",2a852f42dde70e123ec87290434f99d90454cd63c22991ffa974d8f029641f0c,"final-zenodo-publication-checkpoint","regenerated before GitHub checkpoint"
"implementation/LSC_ARCHIVE_STRUCTURE_PLAN.md","md","implementation","active",e2a29d6ada26fc1ccfdcf46a984e70cc1e21ebe5d258524a1885704a5e7fd75e,"final-zenodo-publication-checkpoint","regenerated before GitHub checkpoint"
"implementation/LSC_BEST2_PREREGISTRATION_FORM.md","md","implementation","active",b3c7976378f0f1a7960f0671dcd7c9fbd028326f836028bf606d837f945c8568,"final-zenodo-publication-checkpoint","regenerated before GitHub checkpoint"
"implementation/LSC_COVARIANCE_PLACEHOLDER_AND_SENSITIVITY_TEMPLATE.md","md","implementation","active",e5d846cb5c4b02c4b8dfb67b1b589358afdb85ffa5a676a871b08c140e763176,"final-zenodo-publication-checkpoint","regenerated before GitHub checkpoint"
"implementation/LSC_CROSS_EXPERIMENT_TRANSFER_PROTOCOL.md","md","implementation","active",b04fa3c043d70f4c411f8388766f6c92e32dc516a58d1e7bd91d3c285bf5403f,"final-zenodo-publication-checkpoint","regenerated before GitHub checkpoint"
"implementation/LSC_DATA_REQUIREMENT_MATRIX.md","md","implementation","active",c637f4775941d49ac4884759b479175889f0c1c252efde03c7f7afac7b21e1ce,"final-zenodo-publication-checkpoint","regenerated before GitHub checkpoint"
"implementation/LSC_EXTERNAL_VETO_DATA_REQUEST_CHECKLIST.md","md","implementation","active",9389c7ff9535d863594c4b4a98ca431638424ed0a7c644f1aae754362737e668,"final-zenodo-publication-checkpoint","regenerated before GitHub checkpoint"
"implementation/LSC_LOO_EXECUTION_PROTOCOL.md","md","implementation","active",f11fbe0ba56f43593fc12c706be014413dfb70b68239fa567cbd771deea61e5c,"final-zenodo-publication-checkpoint","regenerated before GitHub checkpoint"
"implementation/LSC_M0_M6_SPECIFICATION_TEMPLATES.md","md","implementation","active",62bc53f8e3e8c860cb781a72983b73864861877438c816cde1285c71008112d9,"final-zenodo-publication-checkpoint","regenerated before GitHub checkpoint"
"implementation/LSC_M4_IMPLEMENTATION_SCHEMA.md","md","implementation","active",b1150da5678eb3c58ba3c2e156be632d8953ea62c58cc0634196c4c72da67a62,"final-zenodo-publication-checkpoint","regenerated before GitHub checkpoint"
"provenance/LSC_CLAIMS_CLASSIFICATION.csv","csv","provenance","active",9d69c13a34bb7318f975cd0798d6186f2186bdca5108ba94f46e217fdbb1b029,"final-zenodo-publication-checkpoint","regenerated before GitHub checkpoint"
"provenance/LSC_SOURCE_INVENTORY.csv","csv","provenance","active",c373679f6aa93a4081be1f624ce5d59add5c617cbb04368ba150d103b0f65de3,"final-zenodo-publication-checkpoint","regenerated before GitHub checkpoint"
"provenance/POST_STEP5_FILE_HASHES.sha256","sha256","provenance","active",d17ebae647f09768b7673cd555e0f45423b3e4e8d0cb94dc4245ce19f94eca0e,"final-zenodo-publication-checkpoint","regenerated before GitHub checkpoint"
"provenance/PRE_STEP5_FILE_HASHES.sha256","sha256","provenance","active",a645f36c348422c8149aa623662bc6cd0f9d8b690c78fe47f2d35d9734f88a54,"final-zenodo-publication-checkpoint","regenerated before GitHub checkpoint"
"provenance/PRE_STEP5_TREE.txt","txt","provenance","active",fb560979a84117d8be7afccb638c14443579576d6bc41280f1364ac463afc09e,"final-zenodo-publication-checkpoint","regenerated before GitHub checkpoint"
"provenance/STEP4_SOURCE_AND_PROVENANCE_MANIFEST.csv","csv","provenance","active",974a91f5ba60c225491526102f6d46e195439a53ed6aa1dc0afc631adee24f63,"final-zenodo-publication-checkpoint","regenerated before GitHub checkpoint"
"provenance/STEP5_DUPLICATE_FILENAMES.tsv","tsv","provenance","active",41eb658ec66ef2d1367d085802a2117a1a8c0a7fcd178d54d8eb749689347cf6,"final-zenodo-publication-checkpoint","regenerated before GitHub checkpoint"
"provenance/STEP5_DUPLICATE_GROUPS.txt","txt","provenance","active",0cb490b624e1844290c497f27a3ae17a3fd600e26f0be361a98ca5d8cf82943a,"final-zenodo-publication-checkpoint","regenerated before GitHub checkpoint"
"provenance/STEP5_DUPLICATE_REPORT.md","md","provenance","active",694139f91c17db8d12cfa950d7acd12c06c77d9f56bf9af44550d72db3ffdda0,"final-zenodo-publication-checkpoint","regenerated before GitHub checkpoint"
"provenance/STEP5_MIGRATION_PLAN.md","md","provenance","active",2f4662cca967c9b6f01c46b7e367ed6938bebf9c6a6d22725047d96dd0a2b983,"final-zenodo-publication-checkpoint","regenerated before GitHub checkpoint"
"validation/LSC_COVARIANCE_AND_DATA_POLICY.md","md","validation","active",067cd25e7c8cd411231e8e3a6aa948deebd7aa73da4081010cbe4b4da54a3fe0,"final-zenodo-publication-checkpoint","regenerated before GitHub checkpoint"
"validation/LSC_EXTERNAL_VETO_CHECKLIST.md","md","validation","active",49c55db5128220b0bdc283af0384093461313d402a03a4a2f2650428dfd33283,"final-zenodo-publication-checkpoint","regenerated before GitHub checkpoint"
"validation/LSC_FAILURE_MODES_AND_RISK_MATRIX.md","md","validation","active",07c386964689da0dda142fbbc7c6ee42a66b92c28c0ac47f346322f4188e8bf5,"final-zenodo-publication-checkpoint","regenerated before GitHub checkpoint"
"validation/LSC_M4_DETECTOR_SYSTEMATICS_BASELINE.md","md","validation","active",7cd25ba2f0f12eea1a2d9e6fe443531c3960d5b124f0d052a5683409c12d99e4,"final-zenodo-publication-checkpoint","regenerated before GitHub checkpoint"
"validation/LSC_PREREGISTRATION_POLICY.md","md","validation","active",70d906e7b6231e46e8ced7056388c361a948fb6596912382b90131d2d44553ac,"final-zenodo-publication-checkpoint","regenerated before GitHub checkpoint"
"validation/LSC_VALIDATION_PROTOCOL.md","md","validation","active",b096911ca2313a01568a88581b1e2e5db6e7e3485bf47b5653055ba79e384b68,"final-zenodo-publication-checkpoint","regenerated before GitHub checkpoint"
